image1,image2
/al-co-de_430/al-co-de_f2_10_9e054da2.jpg,/al-co-de_430/al-co-de_f2_313_9aac8fef.jpg
/ch_106/ch_f2_35_3c2c4874.jpg,/ch_106/ch_f3_72_00e2d3aa.jpg
/fo-sp_100/fo-sp_f0_25_90bf10d2.jpg,/fo-sp_100/fo-sp_f3_59_0c58cbb9.jpg
/fo-sp_100/fo-sp_f0_29_09575dbf.jpg,/fo-sp_100/fo-sp_f6_45_16e80f17.jpg
/fo-sp_100/fo-sp_f1_24_20dade76.jpg,/fo-sp_100/fo-sp_f2_49_99bc9a0a.jpg
/fo-sp_100/fo-sp_f2_12_19932ed0.jpg,/fo-sp_100/fo-sp_f4_72_1a7cb4d9.jpg
/fo-sp_100/fo-sp_f3_32_1dd06f10.jpg,/fo-sp_100/fo-sp_f4_5_308dd4a7.jpg
/fo-sp_100/fo-sp_f3_71_b4de0e25.jpg,/fo-sp_100/fo-sp_f4_47_7b1fda56.jpg
/fo-sp_100/fo-sp_f3_77_d2013238.jpg,/fo-sp_100/fo-sp_f4_4_0ae83657.jpg
/fo-sp_100/fo-sp_f4_14_829bdc88.jpg,/fo-sp_100/fo-sp_f5_31_3954d049.jpg
/fo-sp_100/fo-sp_f6_21_2a15701b.jpg,/fo-sp_100/fo-sp_f6_70_b5ae8d0a.jpg
/fo_342/fo_f0_111_916ebfd0.jpg,/fo_342/fo_f3_150_7a57cbba.jpg
/fo_342/fo_f0_17_0c1d8153.jpg,/fo_342/fo_f3_222_09bdee78.jpg
/fo_342/fo_f0_205_2df39821.jpg,/fo_342/fo_f4_128_1be1d2f3.jpg
/fo_342/fo_f2_138_aa4f94e3.jpg,/fo_342/fo_f2_144_6bb96664.jpg
/fo_342/fo_f3_142_592d6879.jpg,/fo_342/fo_f3_68_89acdff7.jpg
/mu_92/mu_f1_7_afc7ec1f.jpg,/mu_92/mu_f2_24_333340c1.jpg
/mu_92/mu_f2_53_e927e3c5.jpg,/mu_92/mu_f3_39_7b5d0f23.jpg
/ph_348/ph_f4_17_9f670a54.jpg,/ph_348/ph_f4_94_d5837c87.jpg