sq-ce-ca_f0_168_35547617_sq-ce-ca_f0_18_adb5b725.jpg,Duplicate
sq-ce-ca_f4_28_771fff03_sq-ce-ca_f2_178_bf77bafa.jpg,Duplicate
sq-ce-ca_f2_25_5f567374_sq-ce-ca_f1_132_22f1d783.jpg,Duplicate
po-ac_f3_130_0e2a24d2_po-ac_f3_106_5041af68.jpg,Duplicate
ur_f1_34_0455b31f_st_f1_16_fcb25afb.jpg,Duplicate
li-am_f4_61_42f4d928_li-am_f3_76_add52850.jpg,Duplicate
fo_f2_191_63703cca_fo_f2_203_b34aa486.jpg,Duplicate
al-co-de_f1_35_d2ab1800_ph_f2_217_d91289c4.jpg,Duplicate
ac_f1_56_92c24a16_ac_f2_16_5ca3b50f.jpg,Duplicate
fo_f3_316_9aece647_fo_f3_283_8dffbb99.jpg,Duplicate
ac_f2_145_fa423b89_ac_f2_92_dc5783eb.jpg,Duplicate
ac-ke_f2_115_e7cb49cd_ac-ke_f2_120_d26b849f.jpg,Duplicate
di-ac-po_f1_45_0a89bf3b_di-ac-po_f1_18_6d27b2ce.jpg,Duplicate
gr-an_f5_81_52b32114_gr-an_f3_97_67a60896.jpg,Duplicate
pr-no_f2_63_a36d079a_pa-co-re_f1_42_f7a234c5.jpg,Duplicate
di-ac-po_f1_46_9b3d2b7c_di-ac-po_f2_41_b1c5c24e.jpg,Duplicate
ro_f1_59_d846e35c_ro_f2_21_1f22bb37.jpg,Duplicate
di-ac-po_f1_59_fd5dd825_di-ac-po_f1_36_34b5d983.jpg,Duplicate
di-ac-po_f1_28_1075ebb3_di-ac-po_f2_31_c47d1570.jpg,Duplicate
li-am_f4_26_c4d2ff20_li-am_f4_4_1ddf767f.jpg,Duplicate
rh_f4_32_b6349594_ro_f2_90_0d586f26.jpg,Duplicate
ne-li_f2_92_5a5b1f65_ne-li_f4_15_54ac7a53.jpg,Duplicate
di-ac-po_f1_17_b08c58ea_di-ac-po_f3_29_a3a2c255.jpg,Duplicate
defi_f1_61_d32bb389_defi_f2_33_44216d85.jpg,Duplicate
li-re_f4_6_676f8548_li-re_f3_1_4d5d67de.jpg,Duplicate
ne-de_f2_62_45dcc6af_ne-de_f3_109_483df0e1.jpg,Duplicate
pa-co-re_f2_11_d12e96d1_pa-co-re_f2_65_a61cd018.jpg,Duplicate
fa-de_f6_38_78bdcb10_fa-de_f4_8_e56b71d9.jpg,Duplicate
da-di_f1_15_125846d3_da-di_f3_40_14850e1b.jpg,Duplicate
li-re_f3_25_b5f64205_li-re_f4_57_dbc03ab6.jpg,Duplicate
ne-de_f1_60_bf14a418_ne-de_f1_260_1177a605.jpg,Duplicate
pa-co-re_f1_57_9d591660_pa-co-re_f1_61_226eb6ea.jpg,Duplicate
ne-li_f2_65_a874b165_ne-li_f1_54_8e4fcec9.jpg,Duplicate
pi-ro_f4_33_ea12d1a7_pi-ro_f2_110_4bc382e6.jpg,Duplicate
defi_f1_15_b29caa9f_defi_f1_10_f64dc9f4.jpg,Duplicate
lu-su_f3_55_4475086a_ca-cu_f2_5_f80ac56a.jpg,Duplicate
pe-li_f3_10_84b03727_pe-li_f3_79_6fe993ef.jpg,Duplicate
di-ac-po_f1_43_9d91cebb_di-ac-po_f2_50_70324a15.jpg,Duplicate
dr-er_f5_26_d56c9c7c_dr-er_f6_83_ed566a3b.jpg,Duplicate
me_f3_120_1cc5a0ff_me_f1_160_9b82bbff.jpg,Duplicate
pr-no_f2_55_f726e7c7_ec_f2_41_bca5bd22.jpg,Duplicate
rh_f2_67_18965253_ro_f2_80_5742f4d9.jpg,Duplicate
py-gr_f3_36_40b19a32_py-gr_f3_67_c5697d66.jpg,Duplicate
pe-li_f1_106_bd70fbb7_pe-li_f3_29_6b156abc.jpg,Duplicate
pi-ro_f3_182_5fa19ac2_pi-ro_f3_67_33ebf654.jpg,Duplicate
di-ac-po_f1_27_adda27c1_di-ac-po_f1_37_9f87c258.jpg,Duplicate
er-mu_f5_0_9fbbb6fa_er-mu_f3_196_f6e3a08e.jpg,Duplicate
fo_f3_199_59f6d6ce_fo_f3_123_4dc0d844.jpg,Duplicate
sq-ce-ca_f2_83_d48ef382_sq-ce-ca_f3_365_c41ab9c1.jpg,Duplicate
ac_f2_30_f86b01ef_ac_f1_15_e0596e88.jpg,Duplicate
ne-li_f1_91_17f42319_er-no_f1_27_db866dff.jpg,Duplicate
di-ac-po_f3_54_c98c9a7e_di-ac-po_f2_39_a21a94db.jpg,Duplicate
ps_f3_62_19a1b361_ps_f3_594_dbee4a80.jpg,Duplicate
pi-li-ch_f1_49_630d7cab_pi-li-ch_f2_44_8aca04a0.jpg,Duplicate
ac_f2_59_a59a7207_ac_f2_8_69ff1753.jpg,Duplicate
pe-li_f3_134_a01ad0b2_pe-li_f4_23_1db42987.jpg,Duplicate
defi_f2_38_86043b13_defi_f2_60_f2b14e54.jpg,Duplicate
nefi_f2_2_b8bf2ccc_nefi_f2_95_ec7b8906.jpg,Duplicate
rh_f1_15_e49a212a_ro_f2_49_1c4fb5a0.jpg,Duplicate
ps_f5_583_e8c11fd1_ps_f5_472_4ea41ea6.jpg,Duplicate
pe-li_f3_131_15e50123_pe-li_f1_64_65a495e8.jpg,Duplicate
ly_f2_15_f2dd1322_ly_f2_48_7da3f537.jpg,Duplicate
pa-co-re_f4_32_18b400cd_pa-co-re_f1_70_750cae1e.jpg,Duplicate
ca-cu_f1_48_cce19d34_scde_f1_77_d43ad93f.jpg,Duplicate
ke_f4_134_a0813aad_ke_f6_127_37fb4e17.jpg,Duplicate
sq-ce-ca_f6_55_bee428af_sq-ce-ca_f6_490_a50b0037.jpg,Duplicate
le-ma_f2_64_a3a2e68f_me_f1_125_2dbf863f.jpg,Duplicate
fo_f4_237_9990fde0_fo_f3_67_567f012b.jpg,Duplicate
pa-co-re_f1_66_d6e7263b_ec_f3_162_186f802d.jpg,Duplicate
ha-ha-di_f2_42_384232e2_ha-ha-di_f3_135_b86fd1c1.jpg,Duplicate
ti-bi_f1_68_a8f42335_ti-bi_f1_10_82af5fc0.jpg,Duplicate
ac-ni_f3_27_d519b297_ac-ni_f1_25_bb7eaacc.jpg,Duplicate
fo_f2_331_c43d73c0_fo_f3_134_f6c7316d.jpg,Duplicate
ne-li_f3_85_e5a84715_ne-li_f3_49_d30d7f14.jpg,Duplicate
li-am_f5_71_d47a054a_li-am_f6_28_4787decc.jpg,Duplicate
po_f3_71_47a75168_po_f3_125_1e859160.jpg,Duplicate
lu-er_f2_277_996d8ab4_lu-er_f4_405_8846cf94.jpg,Duplicate
me_f1_140_85bfb732_me_f1_165_9071aa33.jpg,Duplicate
tu-sc_f4_28_b7af8230_tu-sc_f5_130_8e049fb5.jpg,Duplicate
ke_f4_111_79dd087b_ke_f3_139_15faf965.jpg,Duplicate
sa_f5_80_c627087a_sa_f5_170_f68e79c4.jpg,Duplicate
ly_f0_86_068ded05_ly_f0_94_f7a948d5.jpg,Duplicate
le-ma_f5_40_9a7cea38_me_f1_138_2e3a4407.jpg,Duplicate
fo-sp_f2_6_3cf5e3db_fo-sp_f1_89_3d693b5d.jpg,Duplicate
ke_f5_59_59237ce8_ke_f5_151_0c3e253b.jpg,Duplicate
di-ac-po_f1_34_825fbd13_di-ac-po_f1_10_d4e6d90d.jpg,Duplicate
lu-er_f2_115_b933f62e_lu-er_f2_399_ac7559de.jpg,Duplicate
rh_f3_52_630e4834_ro_f2_82_8b5813f9.jpg,Duplicate
fo_f2_98_516d795d_fo_f5_192_b3b61643.jpg,Duplicate
sq-ce-ca_f2_145_93865a1a_sq-ce-ca_f3_279_30b6c117.jpg,Duplicate
di-ac-po_f1_47_90dda85d_di-ac-po_f1_40_b242e3ca.jpg,Duplicate
di-ac-po_f4_16_310c13f3_di-ac-po_f4_52_fea934c8.jpg,Duplicate
sy_f5_3_b53a5cc3_sy_f5_114_56d32e0e.jpg,Duplicate
po_f5_18_a25a7a9b_po_f5_115_2b903886.jpg,Duplicate
ly-di_f2_109_367c7b77_ly-di_f3_73_80e92e0a.jpg,Duplicate
lu-su_f4_1_f03b5f7d_li-re_f4_45_5b41fc5f.jpg,Duplicate
di-ac-po_f1_15_ada2d6dd_di-ac-po_f1_20_a80e6846.jpg,Duplicate
pi-ro_f1_2_9e8903b8_pi-ro_f1_14_b2ceb7c7.jpg,Duplicate
al-co-de_f3_166_6419eb12_al-co-de_f3_101_7b697f13.jpg,Duplicate
pe-li_f1_57_c089b930_pe-li_f1_109_abeb787c.jpg,Duplicate
tu_f4_120_e1557fa1_tu_f2_30_ca93e173.jpg,Duplicate
ac-vu_f4_312_7751b187_ac_f4_175_cff57f58.jpg,Duplicate
pi-li-ch_f2_28_109d2606_pi-li-ch_f2_69_54a0f23c.jpg,Duplicate
sy_f3_37_d179c40d_sy_f3_97_d0209679.jpg,Duplicate
ac_f3_72_1e7e94a5_ac_f4_117_17baabbf.jpg,Duplicate
tu-sc_f3_115_9b3028fc_tu-sc_f4_46_ba0f5ea9.jpg,Duplicate
ne-in_f5_89_d756d0aa_ne-in_f6_191_bcf5d67c.jpg,Duplicate
pi-ru-pi_f5_166_8fe72fd7_pi-ru-pi_f6_33_6148b527.jpg,Duplicate
al-co-de_f2_390_f7c68db8_al-co-de_f4_344_9cefc964.jpg,Duplicate
be-ne_f1_54_3d545a8e_be-ne_f2_40_994a3c8b.jpg,Duplicate
ha-ha-di_f2_58_911715df_ha-ha-di_f2_142_c56f6112.jpg,Duplicate
ac_f1_81_dff2e479_ac_f1_131_4735dff6.jpg,Duplicate
pe-li_f3_108_8870251f_pe-li_f2_43_db6c616b.jpg,Duplicate
me_f2_111_361528ca_le-ma_f2_59_6cb2868a.jpg,Duplicate
pr-no_f3_41_c1a0622f_pr-no_f4_157_d4503411.jpg,Duplicate
sq-ce-ca_f3_279_30b6c117_sq-ce-ca_f5_75_7136379c.jpg,Duplicate
ly-di_f1_30_9ec29a1f_ly-di_f2_48_09130b7f.jpg,Duplicate
na-co_f3_40_08308a46_na-co_f2_39_f9c77f9a.jpg,Duplicate
pi-cy_f2_75_7157df00_ac_f1_150_57f50c50.jpg,Duplicate
ps_f5_162_2b2c0458_ps_f5_639_b4b0eeeb.jpg,Duplicate
sq-ce-ca_f2_145_93865a1a_sq-ce-ca_f5_75_7136379c.jpg,Duplicate
di-ac-po_f1_48_c6226422_di-ac-po_f2_38_6b4a5e8c.jpg,Duplicate
er-mu_f2_205_e31d0ea6_er-mu_f3_90_ab913b6b.jpg,Duplicate
xe-pi_f4_61_93bed240_xe-pi_f3_75_9df5034a.jpg,Duplicate
ne-in_f4_203_45b4cc95_ne-in_f3_39_61cec823.jpg,Duplicate
di-ac-po_f1_9_9dce2a5d_di-ac-po_f5_30_607a198d.jpg,Duplicate
pr-no_f5_2_0f94533e_pr-no_f4_159_6afb9491.jpg,Duplicate
dr-er_f4_142_a040f6de_dr-er_f4_89_1f2e87f7.jpg,Duplicate
py-gr_f1_32_5ffd8bfd_py-gr_f1_56_e7238e13.jpg,Duplicate
na-co_f5_0_730a5db8_na-co_f3_26_9843eb48.jpg,Duplicate
ne-ex_f2_36_15b88249_ne-ex_f3_61_c1348da5.jpg,Duplicate
sq-ce-ca_f2_8_9a2685b9_sq-ce-ca_f3_127_fed52ed3.jpg,Duplicate
pi-ro_f3_109_151966ef_pi-ro_f3_62_42474578.jpg,Duplicate
pr-no_f5_152_3b857a60_pr-no_f5_79_c8f82a86.jpg,Duplicate
ps_f2_260_19420e6f_ps_f1_127_e769e89a.jpg,Duplicate
le-ma_f1_22_f247c2f6_me_f2_0_b8780445.jpg,Duplicate
er-mu_f0_194_d1853c0b_er-mu_f5_206_9fb63423.jpg,Duplicate
ha-ha-di_f1_43_151ab3fe_ha-ha-di_f1_133_eff77fd7.jpg,Duplicate
fo_f3_166_f30760f5_fo_f4_307_27c37b84.jpg,Duplicate
pa-co-re_f1_38_5ac2abcf_pa-co-re_f1_50_93f07675.jpg,Duplicate
ps_f2_464_fbbe66ef_ps_f0_445_0e9a7fe4.jpg,Duplicate
ca-cu_f2_46_0633fe4c_ca-cu_f2_79_d9dc5518.jpg,Duplicate
mi_f2_111_6dad6566_mi_f2_97_9cb97ab4.jpg,Duplicate
tu_f2_34_3dfc804b_tu_f1_104_77a394e9.jpg,Duplicate
sa_f2_313_61cb725f_sa_f2_194_4c1e9eb2.jpg,Duplicate
in-pi_f1_23_f2d42d9f_in-pi_f3_72_d4c5b4f6.jpg,Duplicate
ch_f0_90_e6d1b91d_ch_f3_77_55da8d52.jpg,Duplicate
ne-in_f4_219_044c7608_ne-in_f3_44_c69bf902.jpg,Duplicate
ma-me_f3_100_7a9d2001_ma-me_f3_70_ada18724.jpg,Duplicate
pe-li_f5_81_4de57cb3_pe-li_f3_66_c044bb79.jpg,Duplicate
ph_f5_256_90bb7ca8_ph_f6_115_dc62c178.jpg,Duplicate
ac-vu_f2_262_39f3448f_ac-vu_f2_298_07a62c58.jpg,Duplicate
ha-ha-di_f3_25_569bfe10_ha-ha-di_f2_105_f9a5cb2a.jpg,Duplicate
dr-er_f5_34_6cd57e29_dr-er_f5_78_11e1eeb1.jpg,Duplicate
pe-li_f3_60_8d7cda0d_pe-li_f4_87_ae18ac43.jpg,Duplicate
su-sp-me-ss_f1_53_270a217e_st_f1_24_751620a2.jpg,Duplicate
ca-cu_f1_67_63f38345_ca-cu_f2_52_032e410c.jpg,Duplicate
in-pi_f3_84_806eb040_in-pi_f3_95_26c26cac.jpg,Duplicate
ne-ne_f2_66_e5ca79ad_so-cy-ba-ce-ca_f2_47_7692cb08.jpg,Duplicate
pi-li-ch_f2_41_67bc0ea5_pi-li-ch_f2_63_0dcc2e03.jpg,Duplicate
dr-in-pi-ch_f2_48_5eebe432_dr-in-pi-ch_f1_70_81ccde60.jpg,Duplicate
ps_f2_222_1ab1ba3d_ps_f2_649_8b78427b.jpg,Duplicate
ju-xa_f1_67_a9fe6716_ju-xa_f1_119_590979a0.jpg,Duplicate
ne-li_f2_117_59fb6432_ne-li_f2_53_e3dbc237.jpg,Duplicate
ac_f0_182_e438ac94_ac-vu_f2_269_5825a16c.jpg,Duplicate
ec_f6_202_5eb9e332_st-ed_f6_38_9dadc5cf.jpg,Duplicate
ka-sa_f2_37_079ae7d3_ka-sa_f1_12_3c8561db.jpg,Duplicate
na-co_f5_10_d2e1a488_na-co_f5_70_9a4af186.jpg,Duplicate
ca-cu_f2_9_7c0c38d7_ca-cu_f1_78_ac692642.jpg,Duplicate
pe-li_f0_96_9f2521a0_pe-li_f3_54_2b6ae8a5.jpg,Duplicate
ac-en_f4_55_a159c4f8_ac-en_f4_24_756e3d4d.jpg,Duplicate
pa-co-re_f4_119_0a2a606b_pa-co-re_f4_47_21e91e9d.jpg,Duplicate
tu-sc_f5_33_391099d7_tu-sc_f4_113_09fe0d7e.jpg,Duplicate
pi-ro_f6_143_1e7f2448_pi-ro_f4_85_6ef7f0a3.jpg,Duplicate
tu_f4_44_cae00d8f_tu_f4_107_1438ed94.jpg,Duplicate
er-an-ce_f3_59_b341d681_er-an-ce_f3_84_3c4fbff2.jpg,Duplicate
sq-ce-ca_f4_214_f3f6c3ad_sq-ce-ca_f0_272_7744e151.jpg,Duplicate
dr-in-pi-ch_f5_10_72afed88_ps_f4_515_bb7dd975.jpg,Duplicate
fo_f3_22_d6ba49d7_fo_f2_334_953e8df2.jpg,Duplicate
scab_f5_225_c0637026_scab_f4_85_56e36d8a.jpg,Duplicate
gr-an_f4_45_9b790cdb_gr-an_f4_94_be02fb51.jpg,Duplicate
ca-cu_f5_64_d9e3d7d1_ca-cu_f4_47_5e0bf5d8.jpg,Duplicate
ke-pi_f4_75_d8bb18e1_ke-pi_f5_46_9ab1111a.jpg,Duplicate
ju-xa_f2_13_22419a95_ju-xa_f2_133_7d1d0e1f.jpg,Duplicate
pa-co-re_f3_31_405627e5_ec_f2_146_7ec479c3.jpg,Duplicate
li-am_f2_36_ad9d4341_li-am_f2_8_71645bcb.jpg,Duplicate
pe-li_f3_49_2698a4ca_pe-li_f3_114_6f078dd3.jpg,Duplicate
pi-ru-pi_f5_59_8c3a38ca_pi-ru-pi_f5_269_d5a23dff.jpg,Duplicate
me_f2_123_59c60187_le-ma_f1_46_8e8674ab.jpg,Duplicate
pi-li-ch_f1_5_ca7d3299_pi-li-ch_f2_11_34f8c373.jpg,Duplicate
er-mu_f3_210_ba968cb0_er-mu_f4_35_94147636.jpg,Duplicate
ac-en_f3_81_115746bb_ac-en_f4_50_244e2e9d.jpg,Duplicate
me_f0_90_822ce90b_le-ma_f3_58_7c6b7a1a.jpg,Duplicate
ac-en_f4_36_ab38db22_ac-en_f2_72_2967ace5.jpg,Duplicate
ne-in_f4_148_7581aa8e_ne-in_f3_87_d50f1d3e.jpg,Duplicate
po-ac_f4_4_eacd4872_ac-ke_f4_154_47cb1bb5.jpg,Duplicate
ne-de_f6_253_9698f02b_ne-de_f5_237_219a8699.jpg,Duplicate
ca-cu_f1_30_17fe0274_ca-cu_f2_72_dc79890c.jpg,Duplicate
na-co_f4_9_9fec88ce_na-co_f4_5_ad297361.jpg,Duplicate
ma-me_f3_97_2cd4cd28_ma-me_f2_89_852b1cbf.jpg,Duplicate
dy-ec_f4_39_0ac53fac_dy-ec_f4_79_e36c56d8.jpg,Duplicate
tu_f4_7_3a26fc20_tu_f2_138_fc3b5ed9.jpg,Duplicate
tu_f6_106_810cc579_tu_f6_3_b0ca03d6.jpg,Duplicate
ti-bi_f2_52_56577650_ti-bi_f1_70_864672e4.jpg,Duplicate
gr-an_f3_40_93f8f8bc_gr-an_f3_190_34cfe965.jpg,Duplicate
ka-sa_f5_149_93aeefa9_ka-sa_f5_87_c4b11cbc.jpg,Duplicate
di-ac-po_f2_57_f9c61ff6_di-ac-po_f2_1_1d7bd6b1.jpg,Duplicate
ne-in_f6_121_838b0318_ne-in_f5_233_ab8bfca0.jpg,Duplicate
lu-su_f6_34_b35d8e17_li-pl_f5_456_fbb0ef84.jpg,Duplicate
tu-sc_f3_124_0d0d4482_tu-sc_f4_22_a0dee054.jpg,Duplicate
fo-sp_f4_5_308dd4a7_fo-sp_f3_1_214c65e7.jpg,Duplicate
tu-sc_f3_121_3f10e22d_tu-sc_f4_1_583746c2.jpg,Duplicate
li-pl_f4_278_9a2018a1_li-pl_f4_152_fa04038b.jpg,Duplicate
ca-cu_f1_75_bbd884a2_ca-cu_f1_58_9fa3caf3.jpg,Duplicate
sq-ce-ca_f3_92_4c45723c_sq-ce-ca_f4_264_fb37df7e.jpg,Duplicate
ka-sa_f3_154_c1fcf5b1_ka-sa_f3_69_94a653cb.jpg,Duplicate
ly-di_f4_125_947a1e00_ly-di_f3_68_f055970c.jpg,Duplicate
co-ne_f1_10_8169683a_defi_f2_70_66c25b46.jpg,Duplicate
le-ma_f2_30_027380df_li-pl_f1_91_f127b9f6.jpg,Duplicate
ne-in_f5_22_10b131d5_ne-in_f6_223_e803702a.jpg,Duplicate
po_f4_79_7d77c2d2_po_f5_104_1815c996.jpg,Duplicate
tu_f4_121_b7dbde34_tu_f4_41_1b63aa61.jpg,Duplicate
ne-in_f2_90_d94aeef7_ne-in_f2_174_df9dabe2.jpg,Duplicate
ka-sa_f4_155_b5fa137e_ka-sa_f5_6_648adc09.jpg,Duplicate
fo_f2_24_13e27cd3_fo_f3_276_b01a47a7.jpg,Duplicate
ha-ha-di_f3_44_73b905a9_ha-ha-di_f4_109_a67b853e.jpg,Duplicate
ch_f3_91_e5b5b0c9_ch_f3_79_d3cc3a13.jpg,Duplicate
na-co_f4_6_0eb1fedf_na-co_f4_66_dfdf97f1.jpg,Duplicate
ju-xa_f1_6_1e357b97_ju-xa_f2_122_95fb266a.jpg,Duplicate
li-re_f1_40_a7d4bdf1_li-re_f2_8_13f52857.jpg,Duplicate
scab_f4_71_a1cbc098_scab_f4_327_046453c3.jpg,Duplicate
po_f5_114_e92ab20b_po_f4_7_4e333938.jpg,Duplicate
li-si_f6_90_110ab19e_li-si_f5_65_a6b274e8.jpg,Duplicate
ps_f1_571_fa574934_ps_f2_431_eff7f8d3.jpg,Duplicate
sq-ce-ca_f4_395_22bd8aa5_sq-ce-ca_f3_32_31746382.jpg,Duplicate
li-pl_f4_120_f9108c23_li-pl_f3_201_804e4da4.jpg,Duplicate
scab_f2_284_487f5c62_scab_f1_33_b1abe334.jpg,Duplicate
ne-de_f3_151_768bdfd8_ne-de_f3_296_e1644016.jpg,Duplicate
fo_f3_300_711bc985_fo_f4_219_92ef6631.jpg,Duplicate
sq-ce-ca_f5_477_b12942fe_sq-ce-ca_f5_182_3d432adb.jpg,Duplicate
rh_f2_69_a7527d6d_ro_f2_20_850ca912.jpg,Duplicate
na-co_f5_43_b1b9ba69_na-co_f3_64_753b9abb.jpg,Duplicate
pe-li_f3_72_ba4cfc3c_pe-li_f2_100_e449ddb6.jpg,Duplicate
ne-in_f3_84_8f791799_ne-in_f3_239_f4117618.jpg,Duplicate
er-no_f4_40_6304b21a_er-no_f4_74_cfddd6e2.jpg,Duplicate
scmy_f4_26_b6fd77b8_scmy_f4_85_d582f762.jpg,Duplicate
nefi_f4_138_fb2f9e16_nefi_f4_38_98a64a59.jpg,Duplicate
ec_f2_124_f54077e0_ec_f1_5_1579e85f.jpg,Duplicate
tu_f5_46_1d548487_tu_f4_15_481867b1.jpg,Duplicate
my-fu_f3_123_064964a7_my-fu_f3_8_fdda53ce.jpg,Duplicate
ph_f2_162_0caaeffa_lu-er_f1_245_9e088be1.jpg,Duplicate
al-co-de_f4_408_28afe614_al-co-de_f3_125_dfa914f7.jpg,Duplicate
sq-ce-ca_f0_212_c0511522_sq-ce-ca_f2_154_032a4ac5.jpg,Duplicate
pr-no_f4_50_776f2088_pr-no_f4_115_91c2a2d7.jpg,Duplicate
ju-xa_f1_132_b0850a5d_ju-xa_f1_39_64f1e31d.jpg,Duplicate
tu-sc_f4_134_e3cb38db_tu-sc_f2_6_362baa1c.jpg,Duplicate
fo_f3_66_35f50eb7_fo_f3_311_dcfb69a1.jpg,Duplicate
ka-sa_f4_73_bc122710_ka-sa_f4_150_62e2bb9f.jpg,Duplicate
ke_f3_101_de815c83_ke_f2_76_5ffb0f37.jpg,Duplicate
ne-in_f3_7_6e973c85_ne-in_f3_248_21eb7843.jpg,Duplicate
er-mu_f4_200_bdbaaeeb_er-mu_f4_98_1d113036.jpg,Duplicate
pr-no_f4_169_8eb074ec_pr-no_f3_15_1a4fdeea.jpg,Duplicate
ec_f3_147_b9193abe_al-co-de_f1_153_be67c494.jpg,Duplicate
er-el-di_f2_22_05b4debe_er-el-di_f2_0_8fdb7ba5.jpg,Duplicate
scmy_f5_89_70bda3d9_scmy_f4_66_9b186201.jpg,Duplicate
rh_f3_86_0294c0bf_rh_f3_20_0a9efbd6.jpg,Duplicate
po_f4_121_f1682841_po_f4_100_324f7ccf.jpg,Duplicate
sq-ce-ca_f1_291_c06d5028_sq-ce-ca_f1_246_e64510bd.jpg,Duplicate
ch_f0_15_7c1e5c36_ch_f3_92_c2891ff5.jpg,Duplicate
pr-no_f5_146_3f0c7f76_pr-no_f6_8_1f12c62d.jpg,Duplicate
po-ac_f2_82_8be70cfa_po-ac_f2_43_5fc8442f.jpg,Duplicate
fo_f1_14_c7bdbaa2_fo_f3_251_9e9ad2f0.jpg,Duplicate
tu_f0_13_c3e6fb20_tu_f5_62_0ccf49af.jpg,Duplicate
ac-vu_f1_79_5690d4f4_ac_f3_159_77ffd253.jpg,Duplicate
ne-ne_f2_16_1470949e_st_f2_14_26783aea.jpg,Duplicate
lu-su_f4_102_4a475b20_lu-su_f4_36_8fe27767.jpg,Duplicate
gr-an_f1_52_3d3ea863_gr-an_f2_8_aa69adfc.jpg,Duplicate
po_f3_117_28437065_po_f3_52_01a19d44.jpg,Duplicate
pi-ro_f4_157_b908d78b_pi-ro_f2_79_d6cc4552.jpg,Duplicate
ne-ne_f2_52_85cd5587_le-ma_f2_68_cfe8cb78.jpg,Duplicate
ph_f2_299_4816f2ad_ph_f2_118_b1b42ed8.jpg,Duplicate
st-ed_f5_66_95c69b2c_st-ed_f5_0_e3914199.jpg,Duplicate
ne-ex_f3_58_42f803e6_ne-ex_f3_48_b959d6f1.jpg,Duplicate
ha-ha-di_f2_78_697b3aac_ha-ha-di_f2_33_2d8eedfc.jpg,Duplicate
ac-ke_f3_165_5c401681_po-ac_f4_25_674072f9.jpg,Duplicate
pe-li_f2_146_7a2817fd_pe-li_f3_42_b65df386.jpg,Duplicate
sq-ce-ca_f1_219_c8c64c76_sq-ce-ca_f1_397_ab7f5d4d.jpg,Duplicate
fo_f3_287_ef5fa8bf_fo_f4_159_3d2f1d37.jpg,Duplicate
di-ac-po_f1_46_9b3d2b7c_di-ac-po_f3_58_7a1fc4ab.jpg,Duplicate
scab_f5_309_1b3fcfe2_scab_f3_164_553aea0c.jpg,Duplicate
pe-li_f0_62_8bd7d297_pe-li_f0_123_30f11944.jpg,Duplicate
defi_f3_55_1ca7a0d8_defi_f2_38_86043b13.jpg,Duplicate
pe-li_f4_88_7705b946_pe-li_f3_39_937ebce7.jpg,Duplicate
pi-ro_f3_128_e3752e3d_pi-ro_f3_63_29413388.jpg,Duplicate
ka-sa_f3_120_dfe4994c_ka-sa_f2_83_64ba283e.jpg,Duplicate
ne-de_f2_348_c69db1f4_ne-de_f2_84_31b12a07.jpg,Duplicate
pi-ro_f5_185_365b9b17_pi-ro_f5_45_2b81a63f.jpg,Duplicate
ke-pi_f4_70_aa1d9c05_ke-pi_f4_3_01c4ab30.jpg,Duplicate
ka-sa_f5_11_32d5ea62_ka-sa_f4_153_1997f41a.jpg,Duplicate
mu_f3_86_92f495dc_mu_f3_21_35ae8094.jpg,Duplicate
mu-cy_f2_0_56945da8_mu-cy_f3_71_df85f658.jpg,Duplicate
tu-sc_f5_119_fa1473c9_tu-sc_f5_37_91a12e78.jpg,Duplicate
ac-en_f3_78_7ebc1173_ac-en_f3_34_23afc62c.jpg,Duplicate
scab_f5_13_ba701a51_scab_f4_247_31bbe7f7.jpg,Duplicate
na-co_f5_58_9600c2c9_na-co_f3_40_08308a46.jpg,Duplicate
er-mu_f4_231_b6eb2e51_er-mu_f5_157_1ef5ab4b.jpg,Duplicate
er-el-di_f4_36_4928cdc0_er-el-di_f5_45_d6d4fe58.jpg,Duplicate
sq-ce-ca_f2_408_62730dff_sq-ce-ca_f2_9_4ff41092.jpg,Duplicate
li-pl_f5_301_de37d75c_lu-su_f5_19_ac2baf80.jpg,Duplicate
ha-ha-di_f3_157_4f6b5100_ha-ha-di_f3_63_dc7a4cda.jpg,Duplicate
ne-de_f3_291_bf9578ad_ne-de_f3_167_75b0b005.jpg,Duplicate
di-ac-po_f1_6_7f74ada2_di-ac-po_f1_14_2802e8f7.jpg,Duplicate
sq-ce-ca_f5_2_5de18144_sq-ce-ca_f5_566_54062ced.jpg,Duplicate
tu-sc_f2_100_89e55bbc_tu-sc_f4_12_c22e0123.jpg,Duplicate
ac-vu_f3_274_6e67f0bd_ac_f5_178_3c83e78f.jpg,Duplicate
ps_f2_103_48a45ee4_pu-ps_f2_50_b3d1867d.jpg,Duplicate
ph_f2_135_b8718943_dr-er_f3_51_730f6b4d.jpg,Duplicate
tu_f6_32_d1f00834_tu_f5_86_c979ff41.jpg,Duplicate
di-ac-po_f2_49_a23aa29d_di-ac-po_f2_56_2c146683.jpg,Duplicate
sa_f2_164_70383fed_sa_f1_175_4dfbf7e3.jpg,Duplicate
lu-er_f3_24_f6f3feca_lu-er_f4_310_846947c9.jpg,Duplicate
ac_f3_169_64629893_ac-vu_f2_196_a548e1a6.jpg,Duplicate
sy_f3_19_ddc592a4_sy_f3_101_20f7ea1d.jpg,Duplicate
ne-in_f3_34_815b1743_ne-in_f4_42_03f0bf9a.jpg,Duplicate
tu-sc_f2_21_8d4c6032_tu-sc_f3_129_066dec78.jpg,Duplicate
ke_f3_153_5fc99b43_ke_f5_31_f27e4936.jpg,Duplicate
ne-in_f2_181_10b8ae87_ne-in_f2_3_ecde0685.jpg,Duplicate
scab_f1_303_d2a78f11_scab_f1_11_c4cb4ce7.jpg,Duplicate
tu_f3_60_f535eadc_tu_f4_33_b0829c5f.jpg,Duplicate
py-gr_f5_9_112b2323_ne-de_f0_82_db5346bc.jpg,Duplicate
ne-in_f3_200_6ebee30c_ne-in_f3_32_c07cacc0.jpg,Duplicate
fo_f2_91_3cece095_fo_f2_254_3fbe1f93.jpg,Duplicate
xe-pi_f3_42_61a48b00_xe-pi_f0_80_b891d730.jpg,Duplicate
ly-di_f1_88_1f44e117_ly-di_f1_89_8dd19b18.jpg,Duplicate
pi-ru-pi_f4_69_f04d0d27_pi-ru-pi_f4_169_5f0b80ae.jpg,Duplicate
lu-su_f4_25_43cee422_lu-su_f5_109_3deb32df.jpg,Duplicate
ac-vu_f4_307_fa89cc0a_ac_f5_168_1d0c3ae7.jpg,Duplicate
sa_f2_328_d6b5e4ed_sa_f3_163_5e13613a.jpg,Duplicate
su-sp-me-ss_f1_53_270a217e_ne-ne_f1_17_a743f74b.jpg,Duplicate
ha-ha-di_f2_23_13c57142_ha-ha-di_f1_143_8aac5bb1.jpg,Duplicate
ly-di_f2_85_6781fc9c_ly-di_f1_34_7fa0e561.jpg,Duplicate
ti-bi_f2_69_d89fde11_ti-bi_f1_34_3bc71d4c.jpg,Duplicate
ne-in_f1_215_13af1280_ne-in_f2_4_45c10c1c.jpg,Duplicate
sq-ce-ca_f2_394_b76381e0_sq-ce-ca_f2_59_4e650d08.jpg,Duplicate
sq-ce-ca_f2_480_2a4d059a_sq-ce-ca_f1_23_e0e27fea.jpg,Duplicate
pe-li_f2_46_65724c4b_pe-li_f2_118_de0d5537.jpg,Duplicate
ac-ke_f1_169_43e04130_po-ac_f3_19_6eafbcbb.jpg,Duplicate
ch_f3_40_f6984197_ch_f2_101_9e1b0f0b.jpg,Duplicate
lu-er_f3_234_010c97dc_lu-er_f4_391_25a18b9d.jpg,Duplicate
er-mu_f5_208_7a867028_er-mu_f5_24_07e40d3f.jpg,Duplicate
scmy_f4_107_ef1da62f_scmy_f3_31_d9ee582e.jpg,Duplicate
po_f1_122_e96beace_po_f3_27_d4fef9b7.jpg,Duplicate
pi-ru-pi_f5_216_1f137405_pi-ru-pi_f4_65_a40e7cb2.jpg,Duplicate
tu_f2_14_bfa71d17_tu_f3_91_d7514dbe.jpg,Duplicate
dr-er_f1_46_6f333814_dr-er_f1_174_eae6ddc8.jpg,Duplicate
scab_f3_277_8a4e2dbc_scab_f4_129_13df4524.jpg,Duplicate
rh_f2_14_85421c21_rh_f2_4_49473b17.jpg,Duplicate
sq-ce-ca_f3_557_cc333f3d_sq-ce-ca_f2_26_83ce49e8.jpg,Duplicate
ju-xa_f2_85_95727ec1_ju-xa_f1_120_9829c11b.jpg,Duplicate
li-pl_f5_230_c819b71e_li-pl_f4_357_cd2a8bb6.jpg,Duplicate
er-el-di_f4_39_f6b6343b_er-el-di_f6_20_96a83a52.jpg,Duplicate
ba-ce-ca_f2_8_6fcaf3c1_so-cy-ba-ce-ca_f1_48_127c614a.jpg,Duplicate
po_f4_46_cd5c2863_po_f4_113_8baebf41.jpg,Duplicate
fo_f4_268_ff6974b6_fo_f4_72_bb197293.jpg,Duplicate
rh_f1_70_14c7ff36_ro_f1_13_76e29e8f.jpg,Duplicate
mi_f2_102_37804e80_mi_f2_77_cc807605.jpg,Duplicate
li-pl_f5_395_a290ea9a_lu-su_f4_102_4a475b20.jpg,Duplicate
di-ac-po_f1_4_22aa5a17_di-ac-po_f1_23_d66cd316.jpg,Duplicate
gr-an_f3_192_0626faf3_gr-an_f2_71_fa10fcac.jpg,Duplicate
sa_f4_344_cefbc2da_sa_f3_137_23bf572f.jpg,Duplicate
ph_f2_63_a3e5209c_dr-er_f1_41_fe73adb2.jpg,Duplicate
ha-ha-di_f2_10_a4c3f9bf_ha-ha-di_f2_87_496fff13.jpg,Duplicate
er-el-di_f5_52_0868dda2_er-el-di_f5_34_d580ec55.jpg,Duplicate
sq-ce-ca_f3_371_3354d6e5_sq-ce-ca_f3_143_567224dc.jpg,Duplicate
er-mu_f4_77_82e84a75_er-mu_f4_198_861bf164.jpg,Duplicate
xe-pi_f5_72_ec3fe9b5_xe-pi_f4_49_fb7b9d22.jpg,Duplicate
di-ac-po_f3_58_7a1fc4ab_di-ac-po_f2_41_b1c5c24e.jpg,Duplicate
lu-er_f4_289_f71b5dee_lu-er_f5_365_0cc6e59e.jpg,Duplicate
sa_f4_209_e0921015_sa_f4_338_662f1ece.jpg,Duplicate
sq-ce-ca_f2_103_d773c2c4_sq-ce-ca_f1_246_e64510bd.jpg,Duplicate
in-pi_f2_6_c1853ed4_in-pi_f1_81_b11f52b6.jpg,Duplicate
ac-ke_f5_162_2a2b8a33_po-ac_f5_55_be587c76.jpg,Duplicate
ec_f2_22_088427dc_ec_f2_55_100aecaa.jpg,Duplicate
ne-de_f4_314_0b50c52d_ne-de_f3_177_9b102918.jpg,Duplicate
li-pl_f3_169_79c5a669_li-pl_f4_333_89992967.jpg,Duplicate
li-pl_f4_431_aa430d67_li-pl_f3_12_270b9689.jpg,Duplicate
sq-ce-ca_f2_112_14d2333c_sq-ce-ca_f2_577_73850da7.jpg,Duplicate
pe-li_f3_36_847803f3_pe-li_f3_130_f2553f25.jpg,Duplicate
li-am_f3_11_6f2329b6_li-am_f5_55_6df981b0.jpg,Duplicate
tu_f6_20_51d67015_tu_f2_98_9d857ed8.jpg,Duplicate
er-mu_f4_136_ce925bdb_er-mu_f4_213_b61e0a2f.jpg,Duplicate
er-no_f3_42_40325936_er-no_f4_80_4da4782f.jpg,Duplicate
ma-me_f1_8_f77c1c3a_ma-me_f2_6_c4ea214b.jpg,Duplicate
mu-cy_f3_77_b7d39198_mu-cy_f2_44_5f92efcc.jpg,Duplicate
er-mu_f3_11_769e0205_er-mu_f3_207_78a7da56.jpg,Duplicate
mi_f3_105_6b94df92_mi_f4_86_7738e7cc.jpg,Duplicate
er-an-ce_f3_80_4c7c03f0_er-an-ce_f4_19_bc9c1956.jpg,Duplicate
pe-li_f3_93_4f66a4a0_pe-li_f1_70_ee1ac380.jpg,Duplicate
sa_f6_198_de247184_sa_f5_110_6ee6dca6.jpg,Duplicate
lu-er_f3_254_5626d4f0_lu-er_f4_356_7099e201.jpg,Duplicate
sq-ce-ca_f4_221_16f3f152_sq-ce-ca_f4_379_fcc9ed38.jpg,Duplicate
er-no_f3_0_9fd9783c_gr-an_f3_35_87e813a4.jpg,Duplicate
pi-li-ch_f3_61_32b02206_pi-li-ch_f3_27_30a36fc4.jpg,Duplicate
pe-li_f3_78_736753e4_pe-li_f5_14_ae9e7264.jpg,Duplicate
so-cy-ba-ce-ca_f5_43_f586cbd3_ba-ce-ca_f3_5_521bec86.jpg,Duplicate
pe-li_f2_41_3554e724_pe-li_f3_97_94678fff.jpg,Duplicate
al-co-de_f6_394_921723f0_al-co-de_f6_210_62e4d321.jpg,Duplicate
ha-ha-di_f2_164_2544b8e7_ha-ha-di_f1_27_5646156a.jpg,Duplicate
er-el-di_f4_29_fa497906_er-el-di_f5_40_eeb5cb88.jpg,Duplicate
fo_f3_324_3e35e710_fo_f3_39_d710fb4e.jpg,Duplicate
se-ke_f3_53_e86d4d98_se-ke_f3_38_1f0af24c.jpg,Duplicate
me_f1_74_7738a1fe_su-sp-me-ss_f1_58_acfa64e6.jpg,Duplicate
ka-sa_f4_137_11192bb0_ka-sa_f4_25_427c08d6.jpg,Duplicate
pe-li_f1_67_bde6659e_pe-li_f3_42_b65df386.jpg,Duplicate
ro_f2_69_5dd20225_rh_f2_56_b9609320.jpg,Duplicate
po-ac_f1_11_fc5744a2_ac-ke_f2_171_d7d7980b.jpg,Duplicate
er-mu_f4_73_9259f261_er-mu_f5_234_d2e55a19.jpg,Duplicate
ap-cu_f2_66_eff330df_ap-cu_f2_18_75bf662d.jpg,Duplicate
ne-ex_f1_11_5587c329_ne-ex_f2_63_e506e31b.jpg,Duplicate
ac_f2_128_9b1e230d_ac_f2_99_221cdcf3.jpg,Different
ha-ha-di_f3_41_ceb8390f_ha-ha-di_f3_131_a7a0982f.jpg,Duplicate
ba-ce-ca_f2_82_f576c38e_ba-ce-ca_f3_112_4658f75d.jpg,Duplicate
gr-an_f4_126_3d090ec8_gr-an_f4_205_0e97f012.jpg,Duplicate
po-mi_f2_66_ea3dfe5b_po-mi_f4_68_718c0e95.jpg,Duplicate
scab_f3_156_acee0c34_scab_f4_321_44b690a6.jpg,Duplicate
scmy_f3_106_ad978626_scmy_f4_11_346bf6b2.jpg,Duplicate
ne-in_f5_155_867f6e25_ne-in_f5_57_6d7a59fe.jpg,Duplicate
tu_f3_137_ef9b85ea_tu_f3_9_712f9a13.jpg,Duplicate
tu-sc_f3_140_6a1912ea_tu-sc_f3_36_b0cda949.jpg,Duplicate
sq-ce-ca_f4_407_cd509e89_sq-ce-ca_f3_72_82f57c18.jpg,Duplicate
sq-ce-ca_f0_1_a42224fc_sq-ce-ca_f0_284_cdf127eb.jpg,Duplicate
ne-in_f5_208_94a2d118_ne-in_f4_115_f0c24419.jpg,Duplicate
al-co-de_f3_0_09d46db9_al-co-de_f2_252_8633a007.jpg,Duplicate
ne-de_f4_74_f8132f75_ne-de_f4_337_aca1fbd9.jpg,Duplicate
st-ed_f4_15_40f32e28_st-ed_f6_68_d1d2d9e4.jpg,Duplicate
li-am_f2_67_28ad202f_li-am_f5_37_a05e6989.jpg,Duplicate
li-am_f5_72_f16882e2_li-am_f5_9_695c65b7.jpg,Duplicate
ne-li_f6_103_f44da006_ne-li_f6_47_874c2a5b.jpg,Duplicate
ha-ha-di_f5_54_a95db5c2_ha-ha-di_f3_118_6dc72ba0.jpg,Duplicate
tu-sc_f3_137_e8841696_tu-sc_f4_8_9b9c49e5.jpg,Duplicate
er-an-ce_f3_62_4cd823cc_er-an-ce_f3_46_330040ef.jpg,Duplicate
ne-de_f1_279_d52410c1_ne-de_f1_127_eb58f2bc.jpg,Duplicate
ka-sa_f3_141_11f45cfd_ka-sa_f4_57_2946489f.jpg,Duplicate
te_f4_119_66f84860_te_f4_6_5f1de163.jpg,Duplicate
scab_f5_180_e595defe_scab_f6_292_72694e10.jpg,Duplicate
pi-li-ch_f4_32_7247b87e_pi-li-ch_f4_65_389b5f3f.jpg,Duplicate
ne-li_f4_106_8404fe3a_ne-li_f4_74_8dd91ccc.jpg,Duplicate
li-pl_f5_181_76a76bff_li-pl_f4_379_71201a88.jpg,Duplicate
ha-ha-di_f4_40_40947d93_ha-ha-di_f4_145_cad0529f.jpg,Duplicate
pi-ro_f2_169_1b5597f6_pi-ro_f2_15_9ae1313f.jpg,Duplicate
pi-ru-pi_f5_0_e0c81937_pi-ru-pi_f4_211_324aca37.jpg,Duplicate
ha-ha-di_f1_74_c9d3818b_ha-ha-di_f1_90_5567483d.jpg,Duplicate
fo_f4_257_59290b4f_fo_f4_140_c43a3ac7.jpg,Duplicate
sq-ce-ca_f1_104_5aebee41_sq-ce-ca_f2_518_bc17b2b8.jpg,Duplicate
tu_f4_36_8bd71279_tu_f3_114_26b787b6.jpg,Duplicate
sq-ce-ca_f3_455_4244aa38_sq-ce-ca_f3_0_0d4c5e22.jpg,Duplicate
xe-pi_f4_13_2c1c0f98_xe-pi_f4_78_1cf03a11.jpg,Duplicate
ha-ha-di_f4_53_aef6e68a_ha-ha-di_f3_117_fbeb40ea.jpg,Duplicate
ne-in_f5_78_be7cc21d_ne-in_f4_169_a0c406e4.jpg,Duplicate
po-ac_f5_44_1a6f1a64_ac-ke_f4_161_b0b5f595.jpg,Duplicate
pa-co-re_f5_48_78c9e81a_pa-co-re_f3_105_7911755b.jpg,Duplicate
lu-er_f2_305_efb8b95c_lu-er_f3_155_a05baba4.jpg,Duplicate
ly-di_f2_58_f1d84321_ly-di_f1_25_12abb879.jpg,Duplicate
ne-in_f6_98_3b1cacc7_ne-in_f6_172_d1c875e6.jpg,Duplicate
ly_f6_92_0a1ca67f_ly_f3_2_68080d1e.jpg,Duplicate
be-di_f4_11_0cb93629_be-di_f4_59_362746a2.jpg,Duplicate
ne-li_f4_108_e3d52e54_ne-li_f4_52_da34d526.jpg,Duplicate
tu-sc_f3_138_f1b47cb8_tu-sc_f4_67_19c48c8f.jpg,Duplicate
ne-de_f2_286_618111e0_ne-de_f2_180_c1f99ec7.jpg,Duplicate
ca-cu_f2_66_30468217_ca-cu_f1_39_abc4bfd9.jpg,Duplicate
ha-ha-di_f4_76_b45e1b5e_ha-ha-di_f4_101_280d90ea.jpg,Duplicate
sq-ce-ca_f4_51_45b54dad_sq-ce-ca_f4_513_06c7baa2.jpg,Duplicate
rh_f3_84_60abb67a_rh_f3_29_fbaa3436.jpg,Duplicate
fo_f2_270_edf3ebb3_fo_f2_155_fc888925.jpg,Duplicate
ne-in_f4_130_98a45038_ne-in_f3_162_0a085e86.jpg,Duplicate
sq-ce-ca_f6_549_b979613b_sq-ce-ca_f5_240_87744122.jpg,Duplicate
er-no_f3_8_63abb7e9_er-no_f4_77_940daf07.jpg,Duplicate
ne-in_f3_58_be030bdb_ne-in_f3_251_6de74d30.jpg,Duplicate
ne-in_f4_56_421bb8fc_ne-in_f4_237_0ad6c819.jpg,Duplicate
lu-er_f3_314_1715b6b8_lu-er_f4_114_89adfc88.jpg,Duplicate
ch_f4_84_2bf7b41f_ch_f4_87_a60b2bc9.jpg,Duplicate
ka-sa_f2_89_97034f32_ka-sa_f4_123_7954c76a.jpg,Duplicate
tu-sc_f2_87_29e6730b_tu-sc_f3_131_a3f93c80.jpg,Duplicate
tu_f3_136_104df96a_tu_f3_24_2b73a8e3.jpg,Duplicate
pe-li_f2_11_4a6f438c_pe-li_f2_117_a6dfcd34.jpg,Duplicate
la-ce-hi_f1_49_07f48244_la-ce-hi_f1_7_2a6ceb5f.jpg,Duplicate
ne-de_f4_344_3b79e65a_ne-de_f5_95_89033881.jpg,Duplicate
ha-ha-di_f2_7_942b126c_ha-ha-di_f4_156_948a8bc5.jpg,Duplicate
fo_f3_299_7e40274a_fo_f2_93_eb2f2c35.jpg,Duplicate
er-mu_f4_195_e89ad6a2_er-mu_f4_134_4812b02d.jpg,Duplicate
pi-ro_f3_92_4326fc81_pi-ro_f3_141_67df381b.jpg,Duplicate
lu-er_f3_263_76693ad6_lu-er_f5_309_4a0e8839.jpg,Duplicate
li-pl_f5_437_64d88a9a_li-pl_f4_26_cd096e1c.jpg,Duplicate
ne-in_f2_105_6a7fc9eb_ne-in_f3_214_edf77bb8.jpg,Duplicate
scde_f5_271_a6931365_scde_f5_177_4ea91bc1.jpg,Duplicate
po-ac_f3_145_c3aa1c21_po-ac_f3_168_5fb6e34e.jpg,Duplicate
ly_f4_98_ffffdecd_ly_f0_67_d1b94a4a.jpg,Duplicate
po-mi_f3_19_1b10a6ba_po-mi_f2_72_9f02224f.jpg,Duplicate
ac-vu_f2_301_51af624a_ac_f2_165_bc77d5bc.jpg,Duplicate
gr-py_f2_21_44805004_gr-py_f1_55_1ecd46ec.jpg,Duplicate
me_f3_243_b9ddf5db_me_f4_143_3bb47651.jpg,Duplicate
po-ac_f3_14_9cf66703_ac-ke_f3_158_b62b758e.jpg,Duplicate
tu_f4_43_37bef38f_tu_f4_97_04e24e78.jpg,Duplicate
pa-co-re_f5_28_f6960a74_pa-co-re_f5_110_a9cbc785.jpg,Duplicate
fo_f3_302_f2c7df30_fo_f3_208_b6f35310.jpg,Duplicate
li-am_f6_13_6fd5e53b_li-am_f6_54_eb14f64e.jpg,Duplicate
gr-an_f4_165_de45252a_gr-an_f3_30_eb2a8065.jpg,Duplicate
ne-in_f3_99_0ff329cb_ne-in_f3_184_028d333f.jpg,Duplicate
ne-in_f4_52_fea93c56_ne-in_f0_243_7302faa0.jpg,Duplicate
ps_f3_167_f86d637a_ps_f5_623_760c43b1.jpg,Duplicate
fo_f3_250_d42fe805_fo_f3_4_951559d1.jpg,Duplicate
pa-co-re_f5_142_a35a0003_pa-co-re_f4_24_8fb5a555.jpg,Duplicate
fo_f3_322_e9e1fe71_fo_f3_170_e5870f94.jpg,Duplicate
tu_f3_2_143f6a1b_tu_f0_61_84be337b.jpg,Duplicate
scab_f5_286_098e2358_scab_f5_132_7b970ec4.jpg,Duplicate
sy_f3_57_cdd644fb_sy_f4_95_0bf6cc45.jpg,Duplicate
fo_f2_27_18512e5c_fo_f2_271_be0336e6.jpg,Duplicate
mu-cy_f0_74_ccb03cc9_mu-cy_f0_47_30897fce.jpg,Duplicate
sq-ce-ca_f3_377_70a229de_sq-ce-ca_f3_183_7d04fa6a.jpg,Duplicate
dr-in-pi-ch_f1_69_1402d344_dr-in-pi-ch_f1_37_a0a14790.jpg,Duplicate
ap-cu_f2_69_4c918b4d_ap-cu_f1_49_19299151.jpg,Duplicate
sq-ce-ca_f2_74_8fd4531b_sq-ce-ca_f1_393_228c237d.jpg,Duplicate
pr-no_f4_87_6c353ee1_pr-no_f5_166_0b41063e.jpg,Duplicate
li-pl_f4_432_8ca45fd5_li-pl_f3_100_9d7a329e.jpg,Duplicate
pr-no_f4_7_06fce53b_pr-no_f4_132_6a42b572.jpg,Duplicate
scab_f5_262_aea45c54_scab_f2_169_286abd9c.jpg,Duplicate
sa_f1_122_ae9e14c7_sa_f2_196_cee90168.jpg,Duplicate
pi-ru-pi_f4_133_d01f203f_pi-ru-pi_f4_43_2d22bd0d.jpg,Duplicate
tu_f0_93_9a35f028_tu_f2_6_5f12eae6.jpg,Duplicate
lu-er_f4_55_e019139b_lu-er_f5_328_1d21bcb4.jpg,Duplicate
er-el-di_f4_37_f2bb85ad_er-el-di_f3_35_9e12c24e.jpg,Duplicate
er-no_f4_79_835e73c2_er-no_f4_63_40108b5b.jpg,Duplicate
pe-li_f3_122_c1f32aeb_pe-li_f3_4_c2ceaf16.jpg,Duplicate
na-co_f5_58_9600c2c9_na-co_f2_39_f9c77f9a.jpg,Duplicate
ne-de_f2_334_f1043504_ne-de_f3_264_04038e11.jpg,Duplicate
lu-er_f3_395_bb8d12e5_lu-er_f4_150_d0afc637.jpg,Duplicate
ne-li_f5_109_9092ba84_ne-li_f5_31_05501431.jpg,Duplicate
fa-de_f3_55_6411c7b7_fa-de_f5_4_061a3773.jpg,Duplicate
er-mu_f5_34_126b217f_er-mu_f4_227_493d6518.jpg,Duplicate
ac_f2_177_1908406a_ac-vu_f2_323_fd31bd05.jpg,Duplicate
ka-sa_f5_24_7689c9b4_ka-sa_f5_129_e063d215.jpg,Duplicate
po-ac_f3_38_da798ca5_ac-ke_f3_152_e923714f.jpg,Duplicate
sy_f2_91_ddf80e12_sy_f3_85_ba463307.jpg,Different
po-mi_f4_40_490f287f_po-mi_f5_58_5b079b3f.jpg,Duplicate
li-pl_f4_265_695d69b7_li-pl_f4_172_cf3b0172.jpg,Duplicate
ma-me_f3_60_33f441f6_ma-me_f2_20_f1bdfe97.jpg,Duplicate
ju-xa_f4_135_2edb9456_ju-xa_f3_4_e818c973.jpg,Duplicate
nefi_f5_182_0564e323_nefi_f4_78_81897470.jpg,Duplicate
ne-de_f5_182_f881a387_ne-de_f5_17_b97af3aa.jpg,Duplicate
scde_f5_282_3d7e5d7c_scde_f5_51_59574b9b.jpg,Duplicate
rh_f1_72_d15d0efd_ro_f3_65_22946b54.jpg,Duplicate
sa_f3_341_67d7c82e_sa_f4_55_e9f7200b.jpg,Duplicate
ly_f1_10_8902bc05_ly_f1_51_f46a3de0.jpg,Duplicate
fi-er_f4_72_7116dd60_fi-er_f5_106_43a53612.jpg,Duplicate
ne-in_f2_37_f0328e88_ne-in_f2_195_e802ce3c.jpg,Duplicate
nefi_f3_114_fe7c3406_nefi_f3_48_a146121c.jpg,Duplicate
ac_f3_167_baedc531_ac-vu_f3_123_c0d8acd9.jpg,Duplicate
pa-co-re_f3_130_b480cb85_pa-co-re_f4_26_5fb0d411.jpg,Duplicate
lu-su_f0_5_3d78cfeb_lu-su_f3_104_47b09582.jpg,Duplicate
ju-xa_f3_125_cc6040b7_ju-xa_f3_2_dae44141.jpg,Duplicate
sq-ce-ca_f2_444_3e6b4ab5_sq-ce-ca_f3_362_6e620c3a.jpg,Duplicate
lu-su_f3_108_8b538201_lu-su_f3_68_00918f1c.jpg,Duplicate
tu_f3_35_df94ac84_tu_f2_151_b4dd9e45.jpg,Duplicate
ne-in_f4_165_4a026721_ne-in_f4_144_a2b22c45.jpg,Duplicate
st-ed_f0_39_3cfd112c_st-ed_f0_67_facd8890.jpg,Duplicate
in-pi_f1_28_c54a25e0_in-pi_f1_23_f2d42d9f.jpg,Duplicate
fo-sp_f3_32_1dd06f10_fo-sp_f4_58_5e1b32a0.jpg,Duplicate
er-mu_f3_166_3c50e04a_er-mu_f4_218_13294b27.jpg,Duplicate
pa-co-re_f2_35_6661966a_pa-co-re_f4_115_539151cf.jpg,Duplicate
pr-no_f2_147_ae533866_pr-no_f4_58_e175e74b.jpg,Duplicate
ne-in_f2_147_55698653_ne-in_f2_101_2b957747.jpg,Duplicate
po_f5_116_e0413d69_po_f5_97_f89cc35e.jpg,Duplicate
ha-ha-di_f2_104_95edb976_ha-ha-di_f2_59_88ea4e8a.jpg,Duplicate
ha-ha-di_f4_93_bf0475f3_ha-ha-di_f3_49_b9fee5a0.jpg,Duplicate
scde_f2_164_62b1e3ba_scde_f2_170_4c8d9a14.jpg,Duplicate
lu-er_f2_79_51cf65ee_lu-er_f3_324_01900ccf.jpg,Duplicate
pe-li_f3_26_cc09d3d7_pe-li_f2_119_e601a706.jpg,Duplicate
pr-no_f4_18_71ce907a_pr-no_f3_118_1663e755.jpg,Duplicate
tu-sc_f4_103_4ba0b95b_tu-sc_f3_83_657cbe66.jpg,Duplicate
lu-er_f4_142_f122c24e_lu-er_f4_369_5410474f.jpg,Duplicate
pi-ro_f4_54_1406a350_pi-ro_f4_173_33c1292c.jpg,Duplicate
tu_f5_103_e6d695d4_tu_f4_31_658d71c6.jpg,Duplicate
fo_f2_63_4b2ccdb5_fo_f3_245_66c7555e.jpg,Duplicate
lu-er_f5_336_d8bc984d_lu-er_f5_208_5e8c3419.jpg,Duplicate
ne-in_f5_235_144755cf_ne-in_f5_102_f3780bcd.jpg,Duplicate
mu_f1_34_e2aa2fa5_mu_f1_48_342507a8.jpg,Duplicate
nefi_f5_82_45b1463c_nefi_f5_113_9163535b.jpg,Duplicate
ph_f2_111_ebdbad96_ph_f2_338_17e7d80a.jpg,Duplicate
tu_f2_40_683250d9_tu_f3_143_2cdb7b00.jpg,Duplicate
me_f3_216_2e9a44d7_me_f3_76_4fab663c.jpg,Duplicate
ps_f2_287_540986d8_ps_f2_258_85a8a6ef.jpg,Duplicate
rh_f5_7_65b48ea2_ro_f1_57_f3b7d68a.jpg,Duplicate
tu_f2_51_06024e32_tu_f1_29_1cffb75b.jpg,Duplicate
lu-er_f4_54_12c5bb00_lu-er_f5_388_3a4bba6b.jpg,Duplicate
in-pi_f3_72_d4c5b4f6_in-pi_f1_28_c54a25e0.jpg,Duplicate
scab_f0_1_8d009517_scab_f3_222_197f101c.jpg,Duplicate
pe-de_f2_20_9da4cee0_pe-de_f4_59_df159a48.jpg,Duplicate
tu-sc_f3_42_885fab2a_tu-sc_f4_123_a1055a9e.jpg,Duplicate
gr-py_f2_71_109ac254_gr-py_f2_38_f96b5271.jpg,Duplicate
ha-ha-di_f3_107_999b8071_ha-ha-di_f3_68_328cbd4c.jpg,Duplicate
ps_f2_325_7be1c868_ps_f2_219_9eade81b.jpg,Duplicate
lu-er_f6_408_cb5b385f_lu-er_f6_205_14db5e21.jpg,Duplicate
ka-sa_f5_119_3051fedb_ka-sa_f4_49_bb4c4f16.jpg,Duplicate
po-mi_f2_59_5e72c301_po-mi_f3_48_f49e1968.jpg,Duplicate
lu-er_f4_344_456fae3b_lu-er_f4_53_419bb3a8.jpg,Duplicate
er-mu_f3_16_3bc7a853_er-mu_f4_223_207629e7.jpg,Duplicate
me_f0_91_3e79b069_le-ma_f0_49_06cc4fb3.jpg,Duplicate
er-mu_f2_106_99d39da3_er-mu_f4_165_a6731e0a.jpg,Duplicate
ca-cu_f6_4_a2785fef_ca-cu_f5_32_7f339051.jpg,Duplicate
lu-su_f6_54_a75627e6_lu-su_f6_110_7f6ded28.jpg,Duplicate
ne-de_f5_352_6dba85c5_ne-de_f3_187_56d20a24.jpg,Duplicate
sq-ce-ca_f1_291_c06d5028_sq-ce-ca_f2_103_d773c2c4.jpg,Duplicate
ac_f3_172_22ecdf81_ac-vu_f2_9_64637b40.jpg,Duplicate
fo_f3_317_a872cc7a_fo_f3_44_e4814247.jpg,Duplicate
ha-ha-di_f4_103_ceb4c9a1_ha-ha-di_f5_57_295a1680.jpg,Duplicate
dr-in-pi-ch_f5_42_05bc7556_dr-in-pi-ch_f4_67_9927d63f.jpg,Duplicate
pi-ro_f3_46_a28f0a5a_pi-ro_f3_171_754da997.jpg,Duplicate
ur-pi_f5_52_2b126239_ur-pi_f4_110_7d1a38f3.jpg,Duplicate
py-gr_f1_33_d0cdfc10_py-gr_f1_7_17671141.jpg,Duplicate
tu-sc_f4_120_532b9371_tu-sc_f5_61_aca51fb5.jpg,Duplicate
nefi_f5_127_cc86c9c2_nefi_f4_61_b554f8f5.jpg,Duplicate
ne-ex_f3_67_999914e8_ne-ex_f3_43_b6480c10.jpg,Duplicate
pa-co-re_f3_80_d158aef0_pa-co-re_f4_19_bd36f0dd.jpg,Duplicate
sy_f3_92_6b42d830_sy_f2_61_489d3e39.jpg,Duplicate
ha-ha-di_f1_12_8199d266_ha-ha-di_f1_154_9b518b58.jpg,Duplicate
scmy_f3_96_86c73b85_scmy_f3_9_a78bed43.jpg,Duplicate
po-ac_f3_7_e13ae089_ac-ke_f4_157_585de308.jpg,Duplicate
so-cy-ba-ce-ca_f2_1_af52bb10_so-cy-ba-ce-ca_f2_22_bc1a453b.jpg,Duplicate
ac_f4_166_7b368ac2_ac-vu_f4_220_e8bc51ae.jpg,Duplicate
ps_f1_157_4e750ecc_ps_f2_41_8db579bf.jpg,Duplicate
pi-ru-pi_f5_82_e5aedcd2_pi-ru-pi_f4_236_75c6e415.jpg,Duplicate
pe-li_f1_28_feb97c08_pe-li_f2_145_66c29e61.jpg,Duplicate
po-ac_f4_160_440e2f8d_po-ac_f4_175_0f7677df.jpg,Duplicate
sy_f2_13_833004af_sy_f3_93_73805175.jpg,Duplicate
pi-ro_f4_56_ce9aa287_pi-ro_f5_108_0fa21e79.jpg,Duplicate
ju-xa_f2_84_b0321bab_ju-xa_f2_142_b1ebfea2.jpg,Duplicate
ch_f2_64_88a5cc31_ch_f1_71_ed37615e.jpg,Duplicate
pe-li_f2_16_ecf55fa7_pe-li_f2_110_3a22f97d.jpg,Duplicate
ha-ha-di_f3_92_c57050d9_ha-ha-di_f4_15_84677cbe.jpg,Duplicate
ha-ha-di_f3_82_86d751b5_ha-ha-di_f3_47_2b6b6419.jpg,Duplicate
ju-xa_f4_69_a28668b0_ju-xa_f3_124_b1dd5e11.jpg,Duplicate
ka-sa_f4_62_f89b8b51_ka-sa_f4_115_87089a44.jpg,Duplicate
ha-ha-di_f4_6_b64c3ee6_ha-ha-di_f3_97_0b83fe9f.jpg,Duplicate
sy_f3_122_002f4ec0_sy_f4_73_3eb9f084.jpg,Duplicate
al-co-de_f3_428_803384eb_al-co-de_f3_231_213b08aa.jpg,Duplicate
er-mu_f4_17_1222dd7e_er-mu_f4_235_30bff791.jpg,Duplicate
fo_f3_293_815fda3f_fo_f2_100_b09fc891.jpg,Duplicate
be-di_f0_52_fb847a21_be-di_f3_39_d70ef356.jpg,Duplicate
pi-ro_f4_170_3d722c64_pi-ro_f4_3_a53069df.jpg,Duplicate
gr-py_f2_53_6b337bc1_gr-py_f2_10_3b4462e5.jpg,Duplicate
ha-ha-di_f2_99_e090e93d_ha-ha-di_f3_70_dc6c16e5.jpg,Duplicate
gr-an_f3_184_89bd35e3_gr-an_f3_158_ca37bfa0.jpg,Duplicate
pe-li_f3_37_7d28bd55_pe-li_f3_112_79ba7735.jpg,Duplicate
sy_f2_38_c3402424_sy_f2_90_741cf02d.jpg,Duplicate
lu-er_f4_222_b14ec698_lu-er_f3_363_5edce133.jpg,Duplicate
al-co-de_f5_223_fd446e66_al-co-de_f4_420_56361590.jpg,Duplicate
ju-xa_f3_75_9f89a69f_ju-xa_f2_134_b5e60afa.jpg,Duplicate
sq-ce-ca_f6_378_4c6e412b_sq-ce-ca_f5_248_0c6948c8.jpg,Duplicate
sy_f3_110_97e86e48_sy_f3_43_90fa799d.jpg,Duplicate
fo-sp_f3_71_b4de0e25_fo-sp_f4_92_bcee3f63.jpg,Duplicate
scab_f0_15_c2700df0_scab_f0_235_504adb97.jpg,Duplicate
pr-no_f4_127_74a2d7b3_pr-no_f4_96_600fa105.jpg,Duplicate
fo_f2_235_01485246_fo_f2_242_0d03469c.jpg,Duplicate
er-mu_f1_168_e92a337c_er-mu_f2_201_1b99db59.jpg,Duplicate
ne-ex_f2_55_9541b7b7_ne-ex_f1_35_851fb8fd.jpg,Duplicate
ly-di_f1_10_fb5cc2f8_ly-di_f1_75_f206a0a0.jpg,Duplicate
er-mu_f3_215_4f0eb083_er-mu_f3_1_6028c61b.jpg,Duplicate
ne-in_f3_136_444c0a13_ne-in_f3_125_bfee5ed4.jpg,Duplicate
sq-ce-ca_f5_468_4978a6b9_sq-ce-ca_f6_268_1efdafa8.jpg,Duplicate
fa-de_f6_13_5beb3168_fa-de_f6_65_25ba9ce7.jpg,Duplicate
tu-sc_f4_99_3cd0037d_tu-sc_f5_126_a95b38e4.jpg,Duplicate
di-ac-po_f4_12_9f47b046_di-ac-po_f1_51_b9d54b47.jpg,Duplicate
lu-er_f2_402_07e200e3_lu-er_f2_84_fef793fb.jpg,Duplicate
scab_f3_5_f3cddc34_scab_f4_324_d6362b2c.jpg,Duplicate
vi_f4_126_90065d04_vi_f4_71_dca094c9.jpg,Duplicate
pi-li-ch_f2_64_83f46baf_pi-li-ch_f3_9_37192349.jpg,Duplicate
sy_f2_29_2452334a_sy_f2_124_074012eb.jpg,Duplicate
sq-ce-ca_f0_114_825684dc_sq-ce-ca_f2_118_53711d42.jpg,Duplicate
fo-sp_f4_95_cae259ae_fo-sp_f5_31_3954d049.jpg,Duplicate
po-ac_f4_45_9b7edd4e_ac-ke_f5_153_d33000ba.jpg,Duplicate
scab_f2_186_78fb24d3_scab_f2_232_eb5eb3cb.jpg,Duplicate
tu-sc_f6_101_605a27c0_tu-sc_f4_94_5ab7014a.jpg,Duplicate
fo_f2_284_61476bff_fo_f3_154_d739ade8.jpg,Duplicate
pe-li_f2_33_a79c4122_pe-li_f4_91_2573d978.jpg,Duplicate
py-gr_f1_76_fac50755_ne-de_f1_133_bbfb27da.jpg,Duplicate
gr-an_f5_194_9f299d63_gr-an_f4_136_8ef0a2dd.jpg,Duplicate
ke_f4_89_c6d0a9b8_ke_f3_133_c78bde4a.jpg,Duplicate
ke_f3_57_9a8bc4b7_ke_f4_140_045a04eb.jpg,Duplicate
pi-ru-pi_f5_212_1b81b608_pi-ru-pi_f5_17_57427924.jpg,Duplicate
pi-ru-pi_f6_274_f360686b_pi-ru-pi_f6_46_e2ef1214.jpg,Duplicate
rh_f4_33_ef31b3d7_rh_f4_85_383822b3.jpg,Duplicate
pe-li_f0_101_c8c1c8cd_pe-li_f0_7_a62915b5.jpg,Duplicate
ha-ha-di_f4_85_936884be_ha-ha-di_f4_1_8c7da534.jpg,Duplicate
sq-ce-ca_f0_402_02ac06de_sq-ce-ca_f5_211_ca057622.jpg,Duplicate
ne-in_f3_55_bc462fd1_ne-in_f2_221_63d55cc6.jpg,Duplicate
sy_f2_88_06f65d8d_sy_f2_124_074012eb.jpg,Duplicate
lu-su_f2_38_c8bf588b_lu-su_f2_4_eca36ea0.jpg,Duplicate
nede_f3_31_4a85e78f_nede_f2_29_1bd9833f.jpg,Duplicate
po-mi_f3_24_2b4b333c_po-mi_f3_36_c503ea4b.jpg,Duplicate
la-ce-hi_f2_30_076e17ca_la-ce-hi_f2_46_203ac77f.jpg,Duplicate
sq-ce-ca_f1_538_a7eb5a64_sq-ce-ca_f1_80_4dc08af9.jpg,Duplicate
scab_f6_202_10d2204d_scab_f6_176_05b7008a.jpg,Duplicate
al-co-de_f3_422_c27fc3af_al-co-de_f2_114_47df3741.jpg,Duplicate
er-an-ce_f4_37_1c0c6f3d_er-an-ce_f4_72_317abb30.jpg,Duplicate
scde_f1_45_521e6f1a_scde_f1_81_43cdeec6.jpg,Duplicate
ne-de_f3_303_04602d7c_ne-de_f2_179_e465d10b.jpg,Duplicate
ch_f0_44_2cf7f720_ch_f0_102_141a5e9c.jpg,Duplicate
pi-ru-pi_f3_53_d2f51e1e_pi-ru-pi_f3_145_aa52eecd.jpg,Duplicate
ha-ha-di_f2_32_af3048d7_ha-ha-di_f4_77_119d7127.jpg,Duplicate
tu-sc_f3_125_831db474_tu-sc_f4_54_91234784.jpg,Duplicate
lu-er_f3_112_f7a7fd1c_lu-er_f4_307_c6f97424.jpg,Duplicate
ec_f1_65_b4855dd8_ec_f1_143_9ae0e1c5.jpg,Duplicate
lu-er_f4_318_4db07607_lu-er_f4_179_847fcdad.jpg,Duplicate
tu-sc_f3_74_d9ef9c73_tu-sc_f3_107_0653682c.jpg,Duplicate
lu-er_f2_378_8d545bbd_lu-er_f3_96_38601929.jpg,Duplicate
ha-ha-di_f3_110_fa6f8774_ha-ha-di_f2_28_d0ced9e5.jpg,Duplicate
my-fu_f2_23_a795f047_my-fu_f1_139_77600e56.jpg,Duplicate
ne-de_f5_20_d6946659_ne-de_f4_249_a1ce5a0b.jpg,Duplicate
ph_f3_318_d68bd33a_ph_f2_194_1125ee0d.jpg,Duplicate
scab_f2_328_23760f03_scab_f3_323_86e3dc47.jpg,Duplicate
li-am_f5_75_d59ac686_li-am_f6_48_e7e81fb4.jpg,Duplicate
li-si_f6_84_95c75459_li-si_f5_32_cff13671.jpg,Duplicate
mu_f2_60_665a3cb5_mu_f1_13_80d114a1.jpg,Duplicate
ka-sa_f4_125_bf85b643_ka-sa_f3_27_13734a7c.jpg,Duplicate
ne-in_f4_229_23aa8cd0_ne-in_f3_61_b9ad25e8.jpg,Duplicate
pi-ru-pi_f5_66_505d7439_pi-ru-pi_f3_179_d085ea1d.jpg,Duplicate
tu_f4_37_96e8cd25_tu_f4_144_72033fdd.jpg,Duplicate
tu-sc_f4_135_02764399_tu-sc_f3_47_01279f6c.jpg,Duplicate
sq-ce-ca_f2_401_eec8c53d_sq-ce-ca_f2_269_25d0d3d0.jpg,Duplicate
li-am_f5_24_e4086751_li-am_f5_72_f16882e2.jpg,Duplicate
defi_f4_75_6c696fbd_defi_f3_18_b6defaed.jpg,Duplicate
ne-li_f3_114_5b1fd32b_ne-li_f4_70_20615f65.jpg,Duplicate
li-pl_f3_68_9df9062f_li-pl_f2_121_1901cda6.jpg,Duplicate
scde_f6_298_95c86a88_scde_f5_100_9a9d047b.jpg,Duplicate
fi-er_f5_122_26000be7_fi-er_f5_79_587b603e.jpg,Duplicate
te_f5_125_d53296d3_te_f4_75_7efe1b1d.jpg,Duplicate
scab_f4_263_50d2783f_scab_f3_89_ac9ff819.jpg,Duplicate
pa-co-re_f3_62_01544d97_pa-co-re_f3_134_dd146b20.jpg,Duplicate
sq-ce-ca_f5_227_7d208d81_sq-ce-ca_f3_501_e38dca5f.jpg,Duplicate
fo_f4_121_34ca7268_fo_f3_262_a2004f24.jpg,Duplicate
scab_f3_322_1fdc07ae_scab_f4_151_e09ad79d.jpg,Duplicate
ha-ha-di_f4_134_acf8b33d_ha-ha-di_f3_50_b3214cd9.jpg,Duplicate
fo_f5_229_ecdaa2ad_fo_f5_332_46245bf9.jpg,Duplicate
scmy_f4_95_7ba6fcc9_scmy_f4_49_4957ad50.jpg,Duplicate
sq-ce-ca_f2_105_e052681f_sq-ce-ca_f3_491_23733cca.jpg,Duplicate
er-mu_f5_32_5f894890_er-mu_f3_221_766d7de7.jpg,Duplicate
ka-sa_f4_116_8bdf085e_ka-sa_f5_92_3827d743.jpg,Duplicate
ne-in_f2_95_373e2e3c_ne-in_f2_199_6431c31d.jpg,Duplicate
er-el-di_f4_16_09fca12b_er-el-di_f4_53_16f681a9.jpg,Duplicate
ha-ha-di_f3_66_9839ba7d_ha-ha-di_f3_126_1c4af5e9.jpg,Duplicate
scab_f3_295_fd9c4750_scab_f2_109_3b76144c.jpg,Duplicate
er-el-di_f4_49_f1cc7d0e_er-el-di_f3_24_4493bb97.jpg,Duplicate
er-el-di_f6_41_7592b646_er-el-di_f6_13_9053e2c5.jpg,Duplicate
er-mu_f3_49_d205e2b5_er-mu_f3_222_59c799d5.jpg,Duplicate
ap-cu_f2_41_5e6958bc_ap-cu_f1_25_a888959f.jpg,Duplicate
er-an-ce_f4_69_248f33ad_er-an-ce_f4_3_7c626f22.jpg,Duplicate
la-ce-hi_f1_4_55477997_la-ce-hi_f3_48_1aa2927b.jpg,Duplicate
fo_f3_241_cd12cedc_fo_f4_197_77813edc.jpg,Duplicate
lu-er_f3_95_5d1540a6_lu-er_f3_373_d3294fd5.jpg,Duplicate
nefi_f5_106_44999a23_nefi_f3_81_6c1519bc.jpg,Duplicate
gr-py_f2_57_7673dccf_gr-py_f2_31_0cfd9aed.jpg,Duplicate
tu-sc_f3_10_ee4cacfb_tu-sc_f5_136_2fa51eff.jpg,Duplicate
ne-in_f3_152_22ce4488_ne-in_f4_132_8b7f3f26.jpg,Duplicate
da-di_f3_139_927fd414_da-di_f3_82_3ce2abe6.jpg,Duplicate
ne-in_f3_80_9a817533_ne-in_f1_206_3ece9270.jpg,Duplicate
ha-ha-di_f5_168_092b2849_ha-ha-di_f4_0_2bd76012.jpg,Duplicate
le-ma_f2_54_8c310a5a_me_f1_93_22951972.jpg,Duplicate
gr-py_f2_50_f090c448_gr-py_f2_52_516f653a.jpg,Duplicate
ne-in_f4_134_fdfd34f8_ne-in_f2_92_1a46319b.jpg,Duplicate
sq-ce-ca_f3_262_25677b4c_sq-ce-ca_f3_509_2e9c2d4e.jpg,Duplicate
ac-vu_f1_94_8381b542_ac-vu_f1_227_257c7dd5.jpg,Different
defi_f3_31_689433a2_defi_f4_76_df53b37a.jpg,Duplicate
al-co-de_f3_412_1272154e_al-co-de_f1_140_292e08f1.jpg,Duplicate
po-ac_f4_65_c9d6da6e_po-ac_f4_163_04b696bb.jpg,Unclear
tu_f4_120_e1557fa1_tu_f4_122_68b77d8d.jpg,Duplicate
ba-ce-ca_f1_118_4eff46ba_so-cy-ba-ce-ca_f1_12_98246d82.jpg,Duplicate
lu-er_f5_346_13ee4079_lu-er_f5_145_7ea9592c.jpg,Duplicate
fo_f3_327_49f285fc_fo_f3_194_52c7de24.jpg,Duplicate
pe-li_f3_63_7280db4c_pe-li_f3_76_af6fd952.jpg,Duplicate
ac-ke_f1_82_4bae18a5_ba-ce-ca_f3_200_883f86d6.jpg,Duplicate
gr-py_f3_13_c447c881_gr-py_f3_67_269b4650.jpg,Duplicate
ne-de_f4_284_c30d9d1f_ne-de_f5_72_00c8a06d.jpg,Duplicate
scde_f3_290_61dd8863_scde_f3_109_0f65ad5a.jpg,Duplicate
sa_f3_127_1595456f_sa_f3_327_127285b7.jpg,Duplicate
tu-sc_f2_7_6c8f2aca_tu-sc_f2_106_2a857aec.jpg,Duplicate
scmy_f4_105_5e6a8a61_scmy_f4_3_fb61f1f9.jpg,Duplicate
ke_f4_117_5b2d0836_ke_f2_145_7f18f98c.jpg,Duplicate
ne-in_f3_228_8f6f20e0_ne-in_f2_47_d29155fd.jpg,Duplicate
sq-ce-ca_f4_195_b45313d1_sq-ce-ca_f3_476_efc3f787.jpg,Duplicate
scab_f1_338_bbe52dba_scab_f2_35_59edaae3.jpg,Duplicate
lu-er_f1_354_690e90d8_lu-er_f1_49_92961da8.jpg,Duplicate
ne-de_f3_154_16dff57b_ne-de_f3_297_f4de36a0.jpg,Duplicate
dy-ec_f6_42_a3a3d89b_dy-ec_f6_80_90e0fa1b.jpg,Duplicate
ne-de_f3_11_c52452ec_ne-de_f2_277_3ead9481.jpg,Duplicate
fo_f0_60_4e93096e_fo_f0_272_cda60094.jpg,Duplicate
ac-en_f3_68_4dcb2094_ac-en_f2_77_52613e82.jpg,Duplicate
ps_f5_428_1027a886_ps_f5_632_452aad2e.jpg,Duplicate
pe-li_f1_89_31db72d4_pe-li_f2_50_aaa282fc.jpg,Duplicate
la-ce-hi_f2_51_a99eb40e_la-ce-hi_f1_21_ef7dbca1.jpg,Duplicate
li-pl_f3_107_784fbcf9_li-pl_f3_428_f34d307a.jpg,Duplicate
po-mi_f5_58_5b079b3f_po-mi_f3_47_1ea28a7f.jpg,Duplicate
pi-ro_f3_65_7cf893a2_pi-ro_f2_103_b332d2c1.jpg,Duplicate
pr-no_f2_30_8441e5e1_pr-no_f4_114_d79c66a9.jpg,Duplicate
po-mi_f3_22_f1e293cb_po-mi_f3_74_ba6a5508.jpg,Duplicate
tu-sc_f4_65_dc4c711b_tu-sc_f4_102_6c93e231.jpg,Duplicate
pi-li-ch_f2_2_5edeb76d_pi-li-ch_f4_66_56fe05c4.jpg,Duplicate
ha-ha-di_f4_5_d6f889f7_ha-ha-di_f3_153_f9b6beaf.jpg,Duplicate
ju-xa_f2_74_21278bfb_ju-xa_f2_138_2bdf153c.jpg,Duplicate
li-am_f6_0_8a39410c_li-am_f6_62_1783c00d.jpg,Duplicate
mu-cy_f4_62_eb2b4cc9_mu-cy_f4_72_0e9244ce.jpg,Duplicate
ac-ke_f1_149_87b267cf_ac-ke_f1_46_0c21730e.jpg,Duplicate
pr-no_f4_145_41169ebe_pr-no_f3_17_3bf46ba1.jpg,Duplicate
fo_f3_116_ba8e7927_fo_f4_179_a027f129.jpg,Duplicate
li-pl_f3_200_6f5bc291_li-pl_f3_267_a43ad3d2.jpg,Duplicate
lu-er_f3_406_214c8450_lu-er_f3_259_c3d77acd.jpg,Duplicate
ka-sa_f2_17_f7f54b32_ka-sa_f5_118_df8704cc.jpg,Duplicate
sy_f3_40_83802e88_sy_f3_80_88606e63.jpg,Duplicate
te_f2_82_61c021a8_te_f1_103_f4ea1f79.jpg,Duplicate
ba-ce-ca-mo_f2_0_6d2fb27b_ba-ce-ca-mo_f1_22_f34329eb.jpg,Duplicate
sa_f5_222_bac0c03b_sa_f4_343_7ca13b9c.jpg,Duplicate
fi-er_f3_112_6b7306bc_fi-er_f3_85_fd2f0768.jpg,Duplicate
pe-li_f2_113_768817a0_pe-li_f3_35_83a83ead.jpg,Duplicate
sy_f4_58_0fa2fad3_sy_f3_79_3bc7859e.jpg,Duplicate
sa_f4_335_c68fcf0d_sa_f4_213_478f2525.jpg,Duplicate
pr-no_f3_59_e76e989e_pr-no_f4_143_16cdd632.jpg,Duplicate
ps_f1_204_64f7e067_ps_f2_342_4c1e9f9f.jpg,Duplicate
gr-an_f3_169_a0ad0aa1_gr-an_f3_128_952c0e67.jpg,Duplicate
li-pl_f5_180_203665c1_li-pl_f5_439_ecf08d02.jpg,Duplicate
scab_f4_66_fd782eeb_scab_f0_218_6d1f3a24.jpg,Duplicate
er-mu_f3_50_64e39d93_er-mu_f4_230_5878a695.jpg,Duplicate
gr-an_f4_200_e6e032d6_gr-an_f3_100_63ce6570.jpg,Duplicate
po-ac_f4_123_75c795c2_po-ac_f4_178_104f0948.jpg,Duplicate
ne-in_f2_149_f4f41b57_ne-in_f2_31_1101f486.jpg,Duplicate
scab_f3_205_db40e424_scab_f3_67_99d4f861.jpg,Duplicate
tu-sc_f3_60_c83e34c7_tu-sc_f4_139_c5dcdd39.jpg,Duplicate
sy_f5_89_a562d02d_sy_f5_53_0a29dec8.jpg,Duplicate
ne-de_f2_159_b0c14c08_ne-de_f2_302_4235788a.jpg,Duplicate
pe-li_f1_67_bde6659e_pe-li_f2_146_7a2817fd.jpg,Duplicate
ac-en_f3_17_b109982c_ac-en_f2_87_b497286f.jpg,Duplicate
pe-li_f2_8_6c1765b5_pe-li_f2_92_3dea91c7.jpg,Duplicate
fo-sp_f3_11_ac26e7bc_fo-sp_f2_82_a9a8e1bd.jpg,Duplicate
ph_f3_346_7fbfadcd_ph_f2_244_4030b391.jpg,Duplicate
ne-de_f4_81_eb89d090_ne-de_f4_320_7ec06889.jpg,Duplicate
ke-pi_f4_29_59def581_ke-pi_f4_74_3498b7e0.jpg,Duplicate
hi_f4_78_f356bce5_hi_f3_62_7ed87891.jpg,Duplicate
sy_f3_65_9be0f8e4_sy_f2_126_f23969dd.jpg,Duplicate
ly-di_f2_27_e4694223_ly-di_f3_5_7be24faf.jpg,Duplicate
dr-in-pi-ch_f4_34_9faec1ae_dr-in-pi-ch_f3_56_48f2d391.jpg,Duplicate
pa-co-re_f3_0_3eb192d5_pa-co-re_f3_86_71c7a383.jpg,Duplicate
po-mi_f3_76_1ac32fd4_po-mi_f2_13_0e92cad8.jpg,Duplicate
tu_f2_134_81004deb_tu_f2_12_55921fcf.jpg,Duplicate
pu-ps_f2_3_d48cbdfb_pu-ps_f2_25_0cc8664b.jpg,Duplicate
sa_f4_305_452214a7_sa_f3_334_08cdb8fa.jpg,Duplicate
lu-su_f6_6_dbd1a4a1_lu-su_f5_105_d8e4dab2.jpg,Duplicate
ps_f1_136_8d3ead4c_ps_f2_61_2f56c42d.jpg,Duplicate
mu_f4_91_7c6ca344_mu_f4_58_129058f2.jpg,Duplicate
ch_f4_100_f80cd6d4_ch_f4_19_6ee80ffa.jpg,Duplicate
lu-er_f3_403_57f4f6e1_lu-er_f4_62_af1b6e28.jpg,Duplicate
hi_f3_7_2e63173d_hi_f3_79_b7e3ef8d.jpg,Duplicate
fo_f4_298_79fbcb96_fo_f3_9_bc587919.jpg,Duplicate
ha-ha-di_f2_72_5a201e53_ha-ha-di_f3_81_fcf77b81.jpg,Duplicate
ha-ha-di_f3_95_66aa015f_ha-ha-di_f3_18_1f3a8a17.jpg,Duplicate
gr-py_f1_26_af3461dd_gr-py_f2_63_0dfef32f.jpg,Duplicate
scmy_f2_83_d830d208_scmy_f2_29_954d3fa1.jpg,Duplicate
lu-er_f3_137_f1c8c3ca_lu-er_f4_380_e152ce17.jpg,Duplicate
ha-ha-di_f2_16_5a37d3cc_ha-ha-di_f1_125_5606fde1.jpg,Duplicate
ha-ha-di_f4_170_f224e592_ha-ha-di_f4_2_f754486c.jpg,Duplicate
sq-ce-ca_f2_406_78219f1a_sq-ce-ca_f2_232_42a371e9.jpg,Duplicate
ne-de_f5_24_df0ee147_ne-de_f5_310_45ba4dfa.jpg,Duplicate
pe-li_f2_32_e36a99a3_pe-li_f2_128_208370a3.jpg,Duplicate
er-mu_f2_212_57263009_er-mu_f2_13_18c2c38e.jpg,Duplicate
scab_f5_280_8ed4dad8_scab_f5_56_e8039eea.jpg,Duplicate
li-pl_f4_329_5b49758b_li-pl_f5_5_5d6ee647.jpg,Duplicate
ne-li_f3_121_f57fd313_ne-li_f2_44_e89cd865.jpg,Duplicate
pe-li_f2_15_e8d2336e_pe-li_f3_136_d6c2b49e.jpg,Duplicate
ly-di_f1_47_6e5379db_ly-di_f1_96_5e1ccdc3.jpg,Duplicate
sq-ce-ca_f5_560_f5585807_sq-ce-ca_f6_313_a246a315.jpg,Duplicate
ka-sa_f3_117_4343f98b_ka-sa_f3_27_13734a7c.jpg,Duplicate
fo_f0_326_993c2ed5_fo_f0_217_1c33932a.jpg,Duplicate
sy_f2_16_21f1e3ac_sy_f4_87_10cbe527.jpg,Duplicate
tu_f6_38_5e673ba9_tu_f5_71_611f16b0.jpg,Duplicate
ch_f2_59_29976dbd_ch_f3_98_196fb7c1.jpg,Duplicate
nefi_f5_104_0c783f7a_nefi_f5_94_50e2126f.jpg,Duplicate
al-co-de_f6_411_a9c57332_al-co-de_f6_83_4038bc8a.jpg,Duplicate
tu-sc_f4_128_1a848ff1_tu-sc_f2_27_3f105a8c.jpg,Duplicate
pi-ro_f4_160_c8f5461e_pi-ro_f4_93_1ba38182.jpg,Duplicate
ca-cu_f2_45_33a31337_ca-cu_f2_65_0c3c78a1.jpg,Duplicate
in-pi_f4_65_9bc587ac_in-pi_f3_100_549f5533.jpg,Duplicate
tu-sc_f5_32_cccfe980_tu-sc_f5_117_13e38ace.jpg,Duplicate
pr-no_f4_113_a8e48833_pr-no_f5_38_22d133ba.jpg,Duplicate
ph_f3_337_169d02e9_ph_f4_45_f8f4f4a8.jpg,Duplicate
ju-xa_f2_145_e3da9993_ju-xa_f2_115_9424a920.jpg,Duplicate
ne-de_f2_351_ba0ee3c3_ne-de_f2_204_a743cb8a.jpg,Duplicate
nefi_f6_10_9800d5cf_nefi_f5_100_5e089b33.jpg,Duplicate
ha-ha-di_f1_20_0c171d11_ha-ha-di_f3_94_06485f95.jpg,Duplicate
tu-sc_f2_110_22dea2d9_tu-sc_f4_86_a4efd6c3.jpg,Duplicate
eh-da-sy_f6_119_d4cd3d8e_eh-da-sy_f4_82_35beeafb.jpg,Duplicate
ac-en_f2_14_cbabb8ab_ac-en_f3_89_b7a51043.jpg,Duplicate
scab_f0_287_6590b385_scab_f0_172_90bfc16c.jpg,Duplicate
li-pl_f5_304_242f60a6_li-pl_f5_85_64d3075c.jpg,Duplicate
nefi_f2_66_50d59b04_nefi_f2_101_8fb1d4de.jpg,Duplicate
me_f3_177_6744db78_me_f4_224_442efb92.jpg,Duplicate
me_f2_258_9ee17127_me_f3_79_a4bd02ff.jpg,Duplicate
fo_f4_102_16eec7d9_fo_f5_297_4887ea3e.jpg,Duplicate
tu_f3_118_1e01038f_tu_f3_19_1f3886a9.jpg,Duplicate
di-ac-po_f1_4_22aa5a17_di-ac-po_f2_7_6533d8ea.jpg,Duplicate
hi_f4_84_2ae94c35_hi_f5_23_5d976ac2.jpg,Duplicate
ac-vu_f2_257_3f620827_ac-vu_f2_58_dc7d55d4.jpg,Duplicate
defi_f2_60_f2b14e54_defi_f3_55_1ca7a0d8.jpg,Duplicate
ne-in_f3_50_6cd1248e_ne-in_f2_146_d77b82fe.jpg,Duplicate
pr-no_f2_168_62937c4f_pr-no_f4_35_8b4ea641.jpg,Duplicate
er-no_f5_13_78ffbbd1_er-no_f4_78_6c609127.jpg,Duplicate
ju-xa_f2_126_38682083_ju-xa_f3_49_2b16c87c.jpg,Duplicate
lu-er_f5_384_501a9709_lu-er_f4_122_afaa4336.jpg,Duplicate
scab_f0_300_eec68428_scab_f2_88_6f0db89a.jpg,Duplicate
pa-co-re_f4_64_93f4341b_pa-co-re_f3_93_428ecf03.jpg,Duplicate
ne-in_f2_51_5ef1455e_ne-in_f2_41_a938a548.jpg,Duplicate
ly-di_f2_106_df7965ab_ly-di_f2_112_e0745717.jpg,Duplicate
tu_f6_16_3b9e7c77_tu_f6_128_9008bb3a.jpg,Duplicate
er-an-ce_f4_17_402ee72b_er-an-ce_f3_66_56804fc5.jpg,Duplicate
ph_f5_130_86b9c577_ph_f4_334_a8d2be21.jpg,Duplicate
fo_f3_226_c253c552_fo_f2_301_bb79039b.jpg,Duplicate
tu-sc_f4_114_3f3db40b_tu-sc_f2_18_cc914dde.jpg,Duplicate
ha-ha-di_f2_147_359cb952_ha-ha-di_f3_56_7d7f3ffa.jpg,Duplicate
pi-ru-pi_f4_192_f347366a_pi-ru-pi_f4_22_41e2b5ee.jpg,Duplicate
po-ac_f3_0_6803521d_ac-ke_f4_172_4caae357.jpg,Duplicate
er-mu_f5_219_2674e2f8_er-mu_f2_75_31ca4469.jpg,Duplicate
ha-ha-di_f2_65_13120dd5_ha-ha-di_f2_112_cd173aef.jpg,Duplicate
ne-in_f0_27_f2f0f114_ne-in_f3_197_fa6ca6c8.jpg,Duplicate
pe-li_f3_3_a5c330e0_pe-li_f2_74_a01e118a.jpg,Duplicate
pr-no_f4_56_1781d19d_pr-no_f4_121_ff65d3db.jpg,Duplicate
ne-de_f2_356_c48e461f_ne-de_f2_44_4e6a192b.jpg,Duplicate
sq-ce-ca_f2_15_38d20f98_sq-ce-ca_f1_552_a57cce5e.jpg,Duplicate
lu-er_f5_393_7db5f2a0_lu-er_f5_190_a4a5c506.jpg,Duplicate
di-ac-po_f1_25_deb6420b_di-ac-po_f3_32_c79925b8.jpg,Duplicate
be-di_f4_43_1295213c_be-di_f5_2_eb0cbb27.jpg,Duplicate
pi-ro_f4_88_6466aeb7_pi-ro_f4_190_ff413016.jpg,Duplicate
ly_f4_99_b0ba55ed_ly_f3_0_43ff4f26.jpg,Duplicate
fo_f4_267_0c94e6ad_fo_f5_231_fbe7bc7d.jpg,Duplicate
tu-sc_f4_122_7161d5dd_tu-sc_f3_20_cc8bc6b9.jpg,Duplicate
ha-ha-di_f2_146_cb1c79ea_ha-ha-di_f2_73_16a6867c.jpg,Duplicate
pe-li_f4_98_c6596df3_pe-li_f4_9_094a36f0.jpg,Duplicate
ch_f3_91_e5b5b0c9_ch_f4_84_2bf7b41f.jpg,Duplicate
mi_f3_19_ca1b3673_mi_f3_104_1dadc6ac.jpg,Duplicate
my_f4_8_66744dcb_my_f3_41_e297a271.jpg,Duplicate
ha-ha-di_f3_127_94dcd826_ha-ha-di_f3_35_445ac712.jpg,Duplicate
li-re_f1_39_1d3f0359_li-re_f3_53_ed24b996.jpg,Duplicate
er-an-ce_f4_79_73001767_er-an-ce_f3_51_810b6ca5.jpg,Duplicate
scmy_f4_54_0f9c1c82_scmy_f4_79_556cf271.jpg,Duplicate
eh-da-sy_f2_24_e0483ea1_eh-da-sy_f1_100_0fa42092.jpg,Duplicate
di-ac-po_f1_33_b238c2c9_di-ac-po_f1_19_80d9ee67.jpg,Duplicate
me_f0_152_6ed5abe8_le-ma_f1_57_309f71dd.jpg,Duplicate
defi_f3_77_78f71a3a_defi_f3_28_e29dbcf1.jpg,Duplicate
pa-co-re_f3_90_dc8b384b_pa-co-re_f4_13_2faca0b0.jpg,Duplicate
ba-ce-ca_f2_45_4f0f7269_so-cy-ba-ce-ca_f1_53_f3eaf2ee.jpg,Duplicate
nefi_f4_33_b9389372_nefi_f5_161_07b833a3.jpg,Duplicate
my-fu_f4_38_0ae2c4aa_my-fu_f2_161_78617b5f.jpg,Duplicate
pe-li_f3_147_0ba23b70_pe-li_f3_95_4b9cf9cf.jpg,Different
ph_f3_324_f4f35377_ph_f3_151_a9b4f4e7.jpg,Duplicate
scab_f2_153_00a9084c_scab_f1_208_444a00f0.jpg,Duplicate
pi-ru-pi_f5_7_a486ff2f_pi-ru-pi_f5_254_842a5fa7.jpg,Duplicate
nefi_f5_130_b6852837_nefi_f4_43_e9eb84f2.jpg,Duplicate
gr-py_f3_23_1e00469b_gr-py_f3_61_da90292b.jpg,Duplicate
dr-in-pi-ch_f4_68_8074a21e_dr-in-pi-ch_f2_17_7fae3cd5.jpg,Duplicate
sq-ce-ca_f2_526_f6d1989a_sq-ce-ca_f0_97_f9097e0c.jpg,Duplicate
fo_f3_40_33ad4f24_fo_f3_283_8dffbb99.jpg,Duplicate
scab_f3_233_bf040388_scab_f2_119_1efcd7e5.jpg,Duplicate
sy_f4_25_764e922a_sy_f4_112_06e4ac87.jpg,Duplicate
sa_f6_195_005b8044_sa_f2_161_67895f8d.jpg,Duplicate
scab_f3_0_025074f0_scab_f2_237_ce0f998f.jpg,Duplicate
fo-sp_f0_64_73dbe2e0_fo-sp_f2_83_df230db5.jpg,Duplicate
ac-vu_f5_90_d320e062_ac-vu_f2_101_22b99bfc.jpg,Unclear
pi-ru-pi_f5_263_318b22c9_pi-ru-pi_f4_52_001c92cc.jpg,Duplicate
eh-da-sy_f5_92_35d70553_eh-da-sy_f5_78_b1090a5d.jpg,Duplicate
rh_f2_71_6b49658e_rh_f3_22_315b511a.jpg,Duplicate
lu-er_f5_385_c3985052_lu-er_f5_188_c6312fc7.jpg,Duplicate
al-co-de_f1_415_35020e15_al-co-de_f3_307_ad882df6.jpg,Duplicate
xe-pi_f5_76_8c6058ba_xe-pi_f6_56_6a86b43e.jpg,Duplicate
pr-no_f2_73_291743ec_pa-co-re_f3_31_405627e5.jpg,Duplicate
er-mu_f4_52_1a32d925_er-mu_f4_211_e664e422.jpg,Duplicate
er-el-di_f5_50_8f13823f_er-el-di_f4_30_98f27ec8.jpg,Duplicate
me_f1_223_938528c2_me_f2_148_c8f2e70d.jpg,Duplicate
al-co-de_f1_201_58d1282b_al-co-de_f1_17_141851d9.jpg,Duplicate
pe-li_f1_142_5aa5b93b_pe-li_f1_21_a6fb715a.jpg,Duplicate
lu-er_f4_66_808baf06_lu-er_f4_400_119cb6dc.jpg,Duplicate
in-pi_f2_98_93eaca74_in-pi_f4_36_eefdf8cd.jpg,Duplicate
ba-ce-ca_f2_14_516b8ed8_ba-ce-ca_f1_160_ee637782.jpg,Duplicate
pi-ro_f4_3_a53069df_pi-ro_f3_109_151966ef.jpg,Unclear
ph_f2_6_faf8e085_ph_f2_344_0333e362.jpg,Duplicate
lu-er_f6_25_a88c4117_lu-er_f6_343_7db299ba.jpg,Duplicate
lu-er_f5_342_6c7295b0_lu-er_f6_50_76673965.jpg,Duplicate
pr-no_f3_165_a419dce4_pr-no_f3_80_3a1fef19.jpg,Duplicate
po_f1_5_7606c9c1_po_f1_19_c781621f.jpg,Duplicate
tu-sc_f3_105_f97e3399_tu-sc_f4_2_5b99ec1f.jpg,Duplicate
pr-no_f2_73_291743ec_ec_f2_146_7ec479c3.jpg,Duplicate
sq-ce-ca_f3_396_eefcaa40_sq-ce-ca_f3_343_a92ba022.jpg,Duplicate
sa_f3_131_07c0a587_sa_f4_331_1d0b82d2.jpg,Duplicate
fo_f2_189_a7f4b582_fo_f3_265_4f16d959.jpg,Duplicate
fo_f3_313_728f4e10_fo_f3_36_ae747250.jpg,Duplicate
pi-ru-pi_f0_156_28106a52_pi-ru-pi_f5_127_aee70630.jpg,Duplicate
fa-de_f1_6_f0e366c2_li-pl_f1_91_f127b9f6.jpg,Duplicate
sy_f2_30_049a8b67_sy_f2_29_2452334a.jpg,Duplicate
co-ne_f4_6_e8f882e1_co-ne_f5_23_7995475c.jpg,Duplicate
ly-di_f4_128_6b3d128f_er-an-ce_f3_38_35bb1ee2.jpg,Duplicate
mu-cy_f1_50_71164a9b_mu-cy_f0_70_98db2a1e.jpg,Duplicate
lu-er_f3_129_e0f02981_lu-er_f4_316_30a813c0.jpg,Duplicate
pi-ru-pi_f5_180_5fbf8180_pi-ru-pi_f5_73_fe47eb58.jpg,Duplicate
po-mi_f2_5_799fd4e1_po-mi_f1_32_c9015398.jpg,Duplicate
tu_f4_26_76c4337b_tu_f3_132_ecf26e7c.jpg,Duplicate
rh_f3_90_da46232b_rh_f3_24_ba127d84.jpg,Duplicate
er-an-ce_f3_73_910b6e79_er-an-ce_f1_6_ca788ec5.jpg,Duplicate
ne-ex_f4_21_1367c9ac_ne-ex_f5_70_9e89a451.jpg,Duplicate
ne-in_f2_85_3dd2254e_ne-in_f2_204_a34fb93d.jpg,Duplicate
ne-li_f3_51_c7265b78_ne-li_f2_57_c6d606c7.jpg,Duplicate
rh_f3_74_8abc8e4f_rh_f4_83_89892268.jpg,Duplicate
pe-li_f0_0_77a885f3_pe-li_f0_83_f958b4ca.jpg,Duplicate
ps_f2_454_720cf315_ps_f3_291_0accce2c.jpg,Duplicate
ac_f1_19_9bba5f64_ac_f1_111_dc9fc1c8.jpg,Duplicate
ha-ha-di_f4_116_55182fd0_ha-ha-di_f3_24_d0b80e6e.jpg,Duplicate
er-mu_f3_233_cf1b5661_er-mu_f5_63_760b3c1c.jpg,Duplicate
scab_f4_135_00c3d96d_scab_f4_264_9df7cdd1.jpg,Duplicate
po-mi_f2_70_ffe62c60_po-mi_f3_57_764fa478.jpg,Duplicate
ne-in_f1_94_e2a653b5_ne-in_f4_192_bc3151a3.jpg,Duplicate
ne-in_f4_81_8befff3b_ne-in_f4_212_670e2d45.jpg,Duplicate
pi-ru-pi_f5_202_1c654da9_pi-ru-pi_f4_36_a7d0b2c1.jpg,Duplicate
lu-er_f4_264_4c3c05b2_lu-er_f4_332_f4d456cd.jpg,Duplicate
tu_f0_8_a75f4259_tu_f0_58_f9471544.jpg,Duplicate
po-ac_f4_22_a97031f1_po-ac_f3_115_63fa1657.jpg,Duplicate
pi-ro_f4_3_a53069df_pi-ro_f3_62_42474578.jpg,Unclear
ha-ha-di_f2_132_02a426af_ha-ha-di_f2_17_518924d6.jpg,Duplicate
er-el-di_f4_3_8d650213_er-el-di_f4_38_f565510e.jpg,Duplicate
gr-py_f2_51_62462e18_gr-py_f3_28_47589b8f.jpg,Duplicate
fo_f3_316_9aece647_fo_f2_232_867ce1ee.jpg,Duplicate
li-pl_f4_147_81a3bf5f_li-pl_f2_394_61615d4e.jpg,Duplicate
pa-co-re_f3_127_344b5fe2_pa-co-re_f3_73_1ee9414d.jpg,Duplicate
li-si_f4_18_29a7e617_li-si_f4_91_f1f0afe6.jpg,Duplicate
fo-sp_f2_30_71cd9fda_fo-sp_f3_98_a62d1c8f.jpg,Duplicate
al-co-de_f3_407_1dfd372d_al-co-de_f4_14_d2aee140.jpg,Duplicate
pi-ru-pi_f4_130_4f869686_pi-ru-pi_f4_84_95d3b44d.jpg,Duplicate
sq-ce-ca_f2_544_9371b892_sq-ce-ca_f3_366_93568185.jpg,Duplicate
ly_f4_97_89127ec7_ly_f6_14_2653e6dc.jpg,Duplicate
li-am_f5_9_695c65b7_li-am_f5_24_e4086751.jpg,Duplicate
ne-in_f4_103_fcd5f7ca_ne-in_f3_153_182c8a53.jpg,Duplicate
ac-en_f3_65_6ae4abf9_ac-en_f2_23_6c9b7eb4.jpg,Duplicate
li-am_f1_35_09237acd_li-am_f1_15_279d1c79.jpg,Duplicate
fo_f5_31_4bda36c1_fo_f5_330_f7c72d8e.jpg,Duplicate
po-ac_f4_94_c2332663_po-ac_f4_99_91d9bacd.jpg,Duplicate
fo_f3_166_f30760f5_fo_f3_199_59f6d6ce.jpg,Duplicate
sq-ce-ca_f1_375_c4043223_sq-ce-ca_f2_43_9ec57ddb.jpg,Duplicate
er-el-di_f5_14_08bfd2d5_er-el-di_f4_51_39f227f4.jpg,Duplicate
pi-ro_f4_174_0da0343e_pi-ro_f4_175_3bbc45ce.jpg,Duplicate
ch_f1_13_5d736688_ch_f1_28_ed2f4785.jpg,Duplicate
ac-en_f3_42_85a31979_ac-en_f4_84_cdc6a1f7.jpg,Duplicate
fo_f3_51_b7670812_fo_f3_246_8be854d0.jpg,Duplicate
defi_f5_49_8ba5189c_defi_f4_71_b39695f2.jpg,Duplicate
mi_f3_103_5996d251_mi_f3_47_98af0d36.jpg,Duplicate
er-mu_f3_65_5e94a16d_er-mu_f3_197_20b79f94.jpg,Duplicate
ly-di_f4_66_06398ba5_ly-di_f4_127_c09c9af3.jpg,Duplicate
scde_f4_86_1abdf287_scde_f3_191_11b183fd.jpg,Duplicate
la-ce-hi_f1_5_71134842_la-ce-hi_f2_53_e1285413.jpg,Duplicate
sq-ce-ca_f2_261_4e63404b_sq-ce-ca_f1_424_08a18331.jpg,Duplicate
tu-sc_f4_132_f0e96394_tu-sc_f2_97_c334a555.jpg,Duplicate
pe-li_f1_67_bde6659e_pe-li_f1_137_6ff1583f.jpg,Duplicate
ro_f2_5_c16cade6_ro_f1_51_90caf771.jpg,Duplicate
pr-no_f3_154_66617b24_pr-no_f5_5_238ade66.jpg,Duplicate
pr-no_f5_128_ac713d80_pr-no_f5_94_edce9bab.jpg,Duplicate
dy-ec_f6_54_f03c8430_dy-ec_f6_81_e545c822.jpg,Duplicate
ac-en_f3_53_41d9d3b8_ac-en_f3_38_3b838d78.jpg,Duplicate
ha-ha-di_f2_51_eec31f45_ha-ha-di_f2_138_6fdbddb6.jpg,Duplicate
sq-ce-ca_f2_392_7d5ad8c2_sq-ce-ca_f3_329_eb6bff13.jpg,Duplicate
gr-an_f5_164_08316bb7_gr-an_f3_5_8e2e2d9b.jpg,Duplicate
tu-sc_f2_9_ce8f4483_tu-sc_f2_63_691a47e6.jpg,Different
scmy_f6_94_23156c7f_scmy_f5_15_7d8e777c.jpg,Duplicate
scab_f4_87_fc483924_scab_f4_257_1e4c14b9.jpg,Duplicate
ne-ex_f3_31_d5bce381_ne-ex_f3_54_10ca8df1.jpg,Duplicate
sq-ce-ca_f3_252_2cd9e868_sq-ce-ca_f2_267_0e72ba05.jpg,Duplicate
pr-no_f3_17_3bf46ba1_pr-no_f2_108_6762baef.jpg,Duplicate
tu_f5_64_d57a438d_tu_f2_25_8cefc20b.jpg,Duplicate
er-no_f4_48_1c836d4d_er-no_f4_73_4636aa70.jpg,Duplicate
gr-an_f2_113_56faadc9_gr-an_f2_83_cba5ca62.jpg,Duplicate
fo_f3_199_59f6d6ce_fo_f4_307_27c37b84.jpg,Duplicate
lu-er_f4_326_a7683d75_lu-er_f3_99_05d24da8.jpg,Duplicate
ne-li_f5_3_970a43f1_ne-li_f5_107_897430e4.jpg,Duplicate
fi-er_f4_5_5421f47e_fi-er_f5_98_0627187d.jpg,Duplicate
ne-li_f3_122_9c7d3bcc_ne-li_f4_104_4e662ea4.jpg,Duplicate
st-ed_f1_64_aff388e2_st-ed_f2_26_aa362681.jpg,Duplicate
scab_f6_160_4eb000dd_scab_f5_307_c47956fb.jpg,Duplicate
pi-ro_f2_51_09743276_pi-ro_f2_144_91f0e312.jpg,Duplicate
li-am_f5_58_a7ab9862_li-am_f5_22_62ad6eb8.jpg,Duplicate
po-ac_f4_156_9902aff3_po-ac_f4_34_78643b37.jpg,Duplicate
lu-er_f1_12_66778f0b_lu-er_f3_312_f03897a3.jpg,Duplicate
pa-co-re_f5_20_44b31fa2_pa-co-re_f4_117_1f3d0a00.jpg,Duplicate
ha-ha-di_f3_100_da96c20f_ha-ha-di_f3_13_ac1a78be.jpg,Duplicate
ne-in_f3_143_c5fa935e_ne-in_f3_63_335a38a4.jpg,Duplicate
fo_f3_280_b038031c_fo_f3_176_c112ae55.jpg,Duplicate
ha-ha-di_f2_9_320c62f6_ha-ha-di_f1_111_740ae94f.jpg,Duplicate
lu-er_f5_319_48c2c3c9_lu-er_f4_57_1e2d617c.jpg,Duplicate
ha-ha-di_f3_171_11e9acf8_ha-ha-di_f4_14_9aa991f5.jpg,Duplicate
po-mi_f1_50_19a090e5_po-mi_f2_5_799fd4e1.jpg,Duplicate
nefi_f6_172_33a99d1e_nefi_f5_126_a93c91db.jpg,Duplicate
pa-co-re_f4_46_caa633b9_pa-co-re_f2_77_155c400a.jpg,Duplicate
li-pl_f4_340_a333317e_li-pl_f4_218_a84f3bf0.jpg,Duplicate
sa_f1_274_e74cf07b_sa_f1_266_cf0b3eb8.jpg,Duplicate
sa_f4_52_4c1a40db_sa_f3_337_2005ab0c.jpg,Duplicate
scmy_f2_51_29e8fa54_scmy_f1_38_e76676ab.jpg,Duplicate
ph_f2_259_feea98ea_ph_f3_298_031495e7.jpg,Duplicate
fo_f3_57_1b876456_fo_f3_264_0a38a439.jpg,Duplicate
po-ac_f3_124_a062bfcb_po-ac_f4_163_04b696bb.jpg,Duplicate
er-mu_f4_199_36002d4d_er-mu_f4_37_eab0c5c1.jpg,Duplicate
tu-sc_f4_69_bfce5419_tu-sc_f2_112_a18ac3fb.jpg,Duplicate
scab_f6_48_2474e9ed_scab_f3_299_3b80d56d.jpg,Duplicate
xe-pi_f5_74_bc01490b_xe-pi_f4_40_5c880d77.jpg,Duplicate
fo_f3_168_af109cfc_fo_f5_289_0ebbe712.jpg,Duplicate
ne-in_f5_97_3f10d926_ne-in_f5_154_1ccfc4c3.jpg,Duplicate
pi-li-ch_f1_20_d1aa22eb_pi-li-ch_f1_40_dee78c6a.jpg,Duplicate
po-ac_f5_52_55a7d733_po-ac_f3_78_e78853df.jpg,Duplicate
sa_f1_155_a7a29cf3_sa_f3_295_0895ccbb.jpg,Duplicate
ne-ne_f1_17_a743f74b_st_f1_24_751620a2.jpg,Duplicate
ly-di_f2_122_3ea4b054_ly-di_f3_57_45192b47.jpg,Duplicate
in-pi_f2_56_6c183949_in-pi_f1_87_937bd357.jpg,Duplicate
ne-de_f2_149_438049aa_ne-de_f2_340_ec584dae.jpg,Duplicate
pi-ru-pi_f5_20_6264b352_pi-ru-pi_f4_259_cd1ccabf.jpg,Duplicate
sq-ce-ca_f1_431_6a656acc_sq-ce-ca_f2_116_a18100a6.jpg,Duplicate
sq-ce-ca_f3_546_b3fe1abd_sq-ce-ca_f5_265_5b552fb1.jpg,Duplicate
in-pi_f4_38_37dc3ac3_in-pi_f4_94_4e0c618e.jpg,Duplicate
pi-ru-pi_f5_143_85bdd663_pi-ru-pi_f4_27_f1b80047.jpg,Duplicate
er-el-di_f4_8_85994282_er-el-di_f3_43_1cae3633.jpg,Duplicate
ne-ex_f2_42_3da3c68d_ne-ex_f2_71_60072168.jpg,Duplicate
ne-in_f4_158_36c7e890_ne-in_f0_79_5973afe5.jpg,Duplicate
er-mu_f3_204_426772b7_er-mu_f3_82_6a1c30d7.jpg,Duplicate
pe-li_f3_138_410b6c5e_pe-li_f2_20_2d163a1d.jpg,Duplicate
scab_f0_97_bb45b98a_scab_f2_215_c18e85e3.jpg,Duplicate
er-an-ce_f5_65_1d29d78b_er-an-ce_f4_34_ed5e1087.jpg,Duplicate
my_f0_18_f27f5498_my_f0_65_70ed11d5.jpg,Duplicate
sy_f2_124_074012eb_sy_f2_30_049a8b67.jpg,Duplicate
lu-er_f5_206_daada254_lu-er_f5_304_0b166f51.jpg,Duplicate
er-el-di_f5_26_960ec5b8_er-el-di_f4_44_43aef288.jpg,Duplicate
tu-sc_f3_60_c83e34c7_tu-sc_f4_8_9b9c49e5.jpg,Duplicate
be-ne_f1_43_2b2eaefc_be-ne_f1_50_ca3c8642.jpg,Duplicate
scab_f4_96_b9e43526_scab_f0_230_61d18064.jpg,Duplicate
sq-ce-ca_f1_128_efe90e10_sq-ce-ca_f1_493_219e480b.jpg,Duplicate
ac_f2_57_161b47d3_ac_f2_122_9a5e6056.jpg,Different
ne-in_f2_40_764340e5_ne-in_f1_142_aead27d3.jpg,Duplicate
pi-ru-pi_f5_168_b8be69a9_pi-ru-pi_f5_88_ce107ed0.jpg,Duplicate
scmy_f5_56_ab6ce57c_scmy_f5_90_e1e0b7f3.jpg,Duplicate
ne-de_f3_358_dfd1c22b_ne-de_f3_142_fecd4723.jpg,Duplicate
sq-ce-ca_f3_412_f9c6ce09_sq-ce-ca_f3_319_5741346e.jpg,Duplicate
lu-er_f6_372_dc411f7b_lu-er_f5_30_2b0370bb.jpg,Duplicate
le-ma_f2_78_673e30ac_le-ma_f5_70_9b6a29c5.jpg,Duplicate
li-pl_f5_77_95842bf3_li-pl_f4_298_9a5fc1f4.jpg,Duplicate
al-co-de_f3_120_9dc873ec_al-co-de_f4_410_b64cbbe4.jpg,Duplicate
hi_f3_47_b325e1ca_hi_f3_87_a7d8b9e1.jpg,Duplicate
na-co_f4_44_f5a430b5_na-co_f4_68_bc3500cc.jpg,Duplicate
fo_f3_110_f994265c_fo_f4_249_0f6dd331.jpg,Duplicate
pi-ro_f5_61_7bd45e78_pi-ro_f6_184_00662645.jpg,Duplicate
na-co_f5_19_b666857e_na-co_f5_67_1c3062d5.jpg,Duplicate
ba-ce-ca-mo_f3_3_fac24183_ba-ce-ca-mo_f5_42_31a8db3e.jpg,Duplicate
pi-ru-pi_f5_204_78c9b762_pi-ru-pi_f5_42_4a5c528e.jpg,Duplicate
ne-in_f4_28_3218ed72_ne-in_f3_139_fd4921ca.jpg,Duplicate
fo_f3_40_33ad4f24_fo_f3_316_9aece647.jpg,Duplicate
pa-co-re_f4_2_a41a9e74_pa-co-re_f5_108_e03b0cb2.jpg,Duplicate
xe-pi_f4_71_384aa8c2_xe-pi_f5_20_0777330d.jpg,Duplicate
fo_f3_6_7a93256d_fo_f2_308_fd27d1b4.jpg,Duplicate
ch_f4_78_a77d74d2_ch_f2_105_e71b92af.jpg,Duplicate
se-de_f2_0_9a3af1bc_se-de_f2_55_3935f490.jpg,Duplicate
ac-ke_f3_160_093fcc49_po-ac_f2_29_246543db.jpg,Duplicate
lu-er_f5_169_a2351b9b_lu-er_f4_379_4f9bfba9.jpg,Duplicate
ju-xa_f2_131_ce4a48f4_ju-xa_f3_107_73aa5fe3.jpg,Duplicate
ha-ha-di_f4_152_2fc16d5e_ha-ha-di_f2_36_c1878ce3.jpg,Duplicate
fo_f3_123_4dc0d844_fo_f3_166_f30760f5.jpg,Duplicate
sy_f4_48_47e5ba3f_sy_f6_109_5685fad9.jpg,Duplicate
fi-er_f4_46_ca3d16a9_fi-er_f5_115_13bdcc43.jpg,Duplicate
ac_f2_122_9a5e6056_ac_f2_65_307feb1c.jpg,Duplicate
ne-de_f1_60_bf14a418_ne-de_f1_70_e6a50d9b.jpg,Duplicate
mi_f2_109_5a11701e_mi_f3_15_05db6170.jpg,Duplicate
sq-ce-ca_f2_492_c1dd528e_sq-ce-ca_f2_10_75f3059a.jpg,Duplicate
ne-in_f2_194_4679b902_ne-in_f3_24_acdbb9c0.jpg,Duplicate
gr-py_f3_69_bfd62fc2_gr-py_f3_41_b90ba1b1.jpg,Duplicate
scmy_f3_5_ab055e98_scmy_f5_87_69440f87.jpg,Duplicate
ne-de_f2_92_169283bd_ne-de_f1_329_9a9e24f5.jpg,Duplicate
ac_f5_132_89be85c9_ac_f4_149_75b1acf2.jpg,Duplicate
pr-no_f4_9_43545a1c_pr-no_f3_130_5dc56924.jpg,Duplicate
se-ke_f1_51_3bf6a0b2_se-ke_f2_25_e857b88b.jpg,Duplicate
dr-er_f1_145_5f636a0f_al-co-de_f1_97_0bfbcf0f.jpg,Duplicate
po-ac_f3_144_08e6d0fd_po-ac_f3_62_d4c50e54.jpg,Duplicate
ne-in_f2_167_8e3231ac_ne-in_f2_131_47cf7872.jpg,Duplicate
tu_f3_22_d983c8a1_tu_f1_145_46c0d3fb.jpg,Duplicate
fo_f3_304_b6161c0d_fo_f2_233_5844c88a.jpg,Duplicate
ca-cu_f2_69_fd4077da_ca-cu_f2_57_23b441ec.jpg,Duplicate
er-an-ce_f4_82_14255650_er-an-ce_f3_55_9d50beaf.jpg,Duplicate
lu-er_f4_339_b8020da5_lu-er_f3_236_a8af4bf4.jpg,Duplicate
li-pl_f4_120_f9108c23_li-pl_f3_485_09b19553.jpg,Duplicate
fo_f2_240_e150a889_fo_f3_81_c4162a6e.jpg,Duplicate
tu_f4_122_68b77d8d_tu_f2_30_ca93e173.jpg,Duplicate
se-de_f3_87_ef800fcf_se-de_f2_41_b081ebda.jpg,Duplicate
gr-py_f1_73_d43b671a_gr-py_f3_29_be9e8510.jpg,Duplicate
me_f2_161_3ac17ec8_me_f2_219_a646b94f.jpg,Duplicate
gr-py_f1_11_8bad7346_gr-py_f1_44_ae1511b9.jpg,Duplicate
scab_f5_226_fd48c48e_scab_f6_199_2ee18a8a.jpg,Duplicate
fa-de_f6_20_ecb1c9a8_fa-de_f6_59_9cdad30c.jpg,Duplicate
ca-cu_f1_15_63649c54_ca-cu_f1_76_4ad47a13.jpg,Duplicate
li-pl_f5_451_b8bc24ea_li-pl_f5_256_f95eff7e.jpg,Duplicate
er-no_f4_41_34ed3409_er-no_f2_75_43487386.jpg,Duplicate
lu-er_f6_76_9b801e7d_lu-er_f5_376_97747712.jpg,Duplicate
sy_f4_31_e81aef70_sy_f4_105_3cad5987.jpg,Duplicate
ph_f2_295_19b4ae2a_ph_f3_97_ee45345a.jpg,Duplicate
ly-di_f2_26_156232ba_ly-di_f0_123_b42588f6.jpg,Duplicate
pr-no_f4_153_134bcfe8_pr-no_f3_34_42fd37cd.jpg,Duplicate
ph_f3_21_33b6613d_ph_f2_306_39045495.jpg,Duplicate
al-co-de_f3_414_4d1aa40f_al-co-de_f5_53_bdd55ff9.jpg,Duplicate
be-di_f3_4_de439356_be-di_f2_54_f48f8280.jpg,Duplicate
gr-py_f2_43_cb7ba3d4_gr-py_f2_54_0585f181.jpg,Duplicate
ne-in_f4_19_817745a0_ne-in_f2_187_7cba4dce.jpg,Duplicate
ph_f3_19_d3bd0349_ph_f4_303_5b42c6f4.jpg,Duplicate
po_f2_99_8c465afe_po_f1_61_682e11ad.jpg,Duplicate
la-ce-hi_f2_13_fa4e5eb1_la-ce-hi_f2_55_fb2f47e3.jpg,Duplicate
po-ac_f4_88_24541df1_po-ac_f4_172_93f102c6.jpg,Different
mu-cy_f2_76_d7a3f881_mu-cy_f2_28_2b4f1645.jpg,Duplicate
me_f1_252_e894e98e_me_f0_82_4173d5a2.jpg,Duplicate
po-ac_f4_20_a2c3f081_po-ac_f5_97_f99dfa39.jpg,Duplicate
tu_f2_75_7a744adb_tu_f3_39_c50802a3.jpg,Duplicate
fa-de_f6_64_af381727_fa-de_f4_43_0b1a1479.jpg,Duplicate
pe-li_f0_141_c2c3b517_pe-li_f0_71_5e18d00e.jpg,Duplicate
ne-ex_f1_64_50a8de2c_ne-ex_f1_4_f2b436c6.jpg,Duplicate
pa-co-re_f3_74_b06d3a80_pa-co-re_f4_129_34f1eb17.jpg,Duplicate
sq-ce-ca_f4_58_f9bad839_sq-ce-ca_f2_416_9c086096.jpg,Duplicate
ti-bi_f4_29_f4e92ed3_ti-bi_f4_3_3fe779be.jpg,Duplicate
li-am_f4_52_21f3a55d_li-am_f3_33_9c1f09b3.jpg,Duplicate
ne-in_f6_182_143dbf4a_ne-in_f2_64_08d90236.jpg,Duplicate
sy_f2_88_06f65d8d_sy_f2_30_049a8b67.jpg,Duplicate
pa-co-re_f4_124_039eecdc_pa-co-re_f4_4_a55764f8.jpg,Duplicate
pe-de_f1_23_3b385c94_pe-de_f2_18_bba1fcf1.jpg,Duplicate
ha-ha-di_f1_37_fa92fb8b_ha-ha-di_f2_137_526ba1bb.jpg,Duplicate
pi-ro_f4_100_50204de5_pi-ro_f4_83_8b6987df.jpg,Duplicate
lu-su_f4_36_8fe27767_li-pl_f5_395_a290ea9a.jpg,Duplicate
ke_f6_108_b147f618_ke_f5_141_fbcc48ea.jpg,Duplicate
pa-co-re_f4_36_c5789380_pa-co-re_f4_145_221848cd.jpg,Duplicate
pr-no_f4_151_3be5d580_pr-no_f5_77_8c2efae7.jpg,Duplicate
ne-li_f4_110_f09aa436_ne-li_f4_63_4b2c1b6c.jpg,Duplicate
pa-co-re_f4_58_341ac64c_pa-co-re_f4_139_cb6706ae.jpg,Duplicate
ha-ha-di_f3_159_e7e9ebdb_ha-ha-di_f3_8_be79fcbc.jpg,Duplicate
li-si_f4_51_ef1c642a_li-si_f4_82_e273d27f.jpg,Duplicate
pi-li-ch_f2_39_f970791c_pi-li-ch_f2_58_dbd5a582.jpg,Duplicate
ba-ce-ca-mo_f2_57_2526f45c_ba-ce-ca-mo_f2_58_30e6f943.jpg,Duplicate
ne-in_f4_0_f23937e8_ne-in_f4_227_33f92900.jpg,Duplicate
fo-sp_f1_89_3d693b5d_fo-sp_f1_67_c750ae18.jpg,Duplicate
scab_f4_192_9cc48816_scab_f4_296_3ba70399.jpg,Duplicate
scab_f3_113_4f6d8452_scab_f3_241_e7c05b12.jpg,Duplicate
ac_f2_180_388679b4_ac-vu_f2_266_ee3bd45a.jpg,Duplicate
pr-no_f4_141_4e323d91_pr-no_f4_65_19883466.jpg,Duplicate
la-ce-hi_f1_57_fa387dc2_la-ce-hi_f2_38_cbffaeb3.jpg,Duplicate
al-co-de_f4_398_7def1372_al-co-de_f4_150_6e657365.jpg,Duplicate
ke-pi_f3_76_a174e4c7_ke-pi_f4_67_252645b0.jpg,Duplicate
li-si_f4_89_1e16476c_li-si_f2_2_b1d2d9cd.jpg,Duplicate
sq-ce-ca_f6_234_b89758af_sq-ce-ca_f5_571_b25ac750.jpg,Duplicate
sy_f4_42_cd7f993c_sy_f4_25_764e922a.jpg,Different
pi-ro_f2_10_48286648_pi-ro_f3_167_9ff5ab8a.jpg,Duplicate
ly-di_f1_46_9292e563_ly-di_f3_54_c39a8cbd.jpg,Duplicate
gr-an_f4_172_b4143752_gr-an_f4_163_08ce17e5.jpg,Duplicate
tu_f3_141_cba372f2_tu_f2_23_82e1fc46.jpg,Duplicate
ha-ha-di_f5_80_91217488_ha-ha-di_f3_61_c836b2c0.jpg,Duplicate
ap-cu_f2_52_da71631b_ap-cu_f2_54_7dbb7da1.jpg,Duplicate
tu_f2_21_2a0ae031_tu_f2_67_19b1e6f7.jpg,Duplicate
pe-li_f3_34_3688df73_pe-li_f3_77_55f9ee5b.jpg,Duplicate
pe-li_f3_30_789f0059_pe-li_f2_107_6676b11e.jpg,Duplicate
sy_f2_96_9be1c35d_sy_f2_1_fdfbcca2.jpg,Duplicate
le-ma_f2_30_027380df_fa-de_f1_6_f0e366c2.jpg,Duplicate
my-fu_f2_34_38bc85b4_my-fu_f3_141_da7e8063.jpg,Duplicate
tu_f3_11_a023342b_tu_f3_53_baf0a743.jpg,Duplicate
al-co-de_f3_317_9a0291b2_al-co-de_f4_392_794a011f.jpg,Duplicate
pe-li_f2_146_7a2817fd_pe-li_f2_50_aaa282fc.jpg,Duplicate
ac-en_f3_18_b9cc3c43_ac-en_f4_88_516abe8e.jpg,Duplicate
pi-ru-pi_f4_104_ea662c01_pi-ru-pi_f5_93_82ed5ba8.jpg,Duplicate
mu-cy_f2_15_25076598_mu-cy_f3_78_0747ac3f.jpg,Duplicate
me_f2_62_6c3081a5_me_f4_187_7c015dcd.jpg,Duplicate
pr-no_f4_167_9e04114c_pr-no_f2_24_08731590.jpg,Duplicate
fo_f2_220_d5ffa3d0_fo_f4_221_911bd88b.jpg,Duplicate
dr-in-pi-ch_f4_60_bcdce9fa_dr-in-pi-ch_f2_66_119dfb23.jpg,Duplicate
lu-er_f5_387_92549c77_lu-er_f3_93_167605a3.jpg,Duplicate
pi-li-ch_f4_10_7db6cd45_pi-li-ch_f4_72_a1a09155.jpg,Duplicate
ac_f3_162_80e9ade2_ac-vu_f0_202_704c443b.jpg,Duplicate
scab_f5_166_de0f8c51_scab_f6_336_ffe23b11.jpg,Duplicate
gr-an_f4_46_7038c346_gr-an_f3_161_1db24e51.jpg,Duplicate
ba-ce-ca_f3_177_aac12918_ba-ce-ca_f1_15_cdb9d51c.jpg,Duplicate
sq-ce-ca_f4_464_6232e9e0_sq-ce-ca_f5_36_fb1ab021.jpg,Duplicate
al-co-de_f3_397_78b0ce00_al-co-de_f3_124_b06ab318.jpg,Duplicate
li-am_f4_60_cff83aa7_li-am_f5_49_6f7487bf.jpg,Duplicate
ph_f4_330_44e63f6f_ph_f3_254_fbd741ae.jpg,Duplicate
ne-in_f3_38_374559ec_ne-in_f4_157_1ebd8355.jpg,Duplicate
pr-no_f4_150_5478f8cd_pr-no_f4_107_6c12f0e9.jpg,Duplicate
pr-no_f2_70_1023d89e_pr-no_f2_164_43041999.jpg,Duplicate
ne-in_f4_144_a2b22c45_ne-in_f0_77_1f130aea.jpg,Duplicate
scab_f2_302_e092ceca_scab_f2_161_92bf8892.jpg,Duplicate
dy-ec_f3_46_76d0cfea_dy-ec_f3_77_7a4b007f.jpg,Duplicate
ne-in_f2_190_7fa75cdb_ne-in_f2_49_9c525195.jpg,Duplicate
er-mu_f4_224_e8258250_er-mu_f4_3_f03ce53f.jpg,Duplicate
my-fu_f3_173_99ed7ad5_my-fu_f2_70_447f5b34.jpg,Duplicate
pe-li_f2_53_d72c99f4_pe-li_f2_103_e3d21de9.jpg,Duplicate
se-de_f2_39_30f8d696_se-de_f2_67_90660a55.jpg,Duplicate
ha-ha-di_f3_108_7960f693_ha-ha-di_f3_19_4be84973.jpg,Duplicate
pi-ru-pi_f5_108_defef45b_pi-ru-pi_f3_86_b0b4b92a.jpg,Duplicate
pi-ru-pi_f5_116_48ee7754_pi-ru-pi_f5_8_07408f8f.jpg,Duplicate
pe-li_f3_79_6fe993ef_pe-li_f3_134_a01ad0b2.jpg,Duplicate
me_f2_8_cc63958a_me_f1_235_fbd64d85.jpg,Duplicate
pi-ru-pi_f4_81_b1675d1e_pi-ru-pi_f4_135_1d9ece3c.jpg,Duplicate
fi-er_f5_77_ef82a873_fi-er_f4_119_16d1bea8.jpg,Duplicate
li-pl_f3_229_ea2e9917_li-pl_f3_336_bb88504c.jpg,Duplicate
pr-no_f5_95_7b2b5501_pr-no_f2_155_fcc3d381.jpg,Duplicate
sq-ce-ca_f3_517_2e528f4e_sq-ce-ca_f0_338_4c06a5e9.jpg,Duplicate
pi-ro_f2_117_8c1209c7_pi-ro_f3_22_b1a49944.jpg,Duplicate
la-ce-hi_f2_6_a4b6a37c_la-ce-hi_f1_54_f3609b75.jpg,Duplicate
fo_f3_85_66a4c312_fo_f3_269_026406e3.jpg,Duplicate
ac-vu_f1_98_975468f2_ac-vu_f4_127_0fb5b28a.jpg,Different
lu-er_f4_207_9b482350_lu-er_f4_358_63640be7.jpg,Duplicate
lu-er_f4_368_e471b075_lu-er_f4_8_b387e11e.jpg,Duplicate
sq-ce-ca_f3_20_72f9f788_sq-ce-ca_f0_413_72a40452.jpg,Duplicate
scab_f0_254_f67360dd_scab_f5_44_8fd665c5.jpg,Duplicate
my_f4_23_c9c22bf1_my_f0_43_8a0a496b.jpg,Duplicate
ro_f2_48_06d0d4da_ro_f2_92_63bc8c16.jpg,Duplicate
pe-li_f4_86_904ad24e_pe-li_f3_2_193903d3.jpg,Duplicate
po_f4_108_0ba6adb9_po_f4_118_ef5015d1.jpg,Duplicate
scab_f5_62_2794881f_scab_f2_217_32994365.jpg,Duplicate
ke_f4_144_bb4470ca_ke_f3_81_418c81a2.jpg,Duplicate
hi_f1_86_3f417bcd_hi_f3_15_03e4dc80.jpg,Duplicate
ap-cu_f3_13_bc29c8b0_ap-cu_f4_63_23aeadd7.jpg,Duplicate
li-pl_f4_350_9a634faa_li-pl_f4_0_a385043f.jpg,Duplicate
lu-er_f4_333_818736ad_lu-er_f4_195_23fd4376.jpg,Duplicate
ec_f2_50_68848526_al-co-de_f1_211_f3083c2f.jpg,Different
ne-ne_f2_66_e5ca79ad_ba-ce-ca_f1_50_16c089e0.jpg,Duplicate
sa_f1_20_8b01a27e_sa_f1_118_f95a59d1.jpg,Duplicate
dr-er_f2_84_588225e6_dr-er_f1_183_c158c3f5.jpg,Duplicate
lu-er_f4_311_cde020ff_lu-er_f4_297_5205b8a5.jpg,Duplicate
fo_f3_190_569b53ef_fo_f2_338_803b6ec7.jpg,Duplicate
po-mi_f2_66_ea3dfe5b_po-mi_f3_57_764fa478.jpg,Duplicate
al-co-de_f6_270_95be4b45_al-co-de_f5_391_84472514.jpg,Duplicate
lu-er_f4_407_7d94c27d_lu-er_f4_65_8e0dbc65.jpg,Duplicate
ph_f4_341_125e81c3_ph_f3_212_e0edf844.jpg,Duplicate
eh-da-sy_f4_36_4dea673d_eh-da-sy_f5_108_73a4512b.jpg,Duplicate
ps_f2_409_b80f2eda_ps_f2_165_322869e1.jpg,Duplicate
pa-co-re_f3_3_36f74fc1_pa-co-re_f4_101_c0fea822.jpg,Duplicate
pr-no_f5_53_1d32cdc7_pr-no_f3_130_5dc56924.jpg,Duplicate
nede_f2_11_250f192a_nede_f2_33_46625865.jpg,Duplicate
pi-ro_f5_43_0e90fe0d_pi-ro_f4_140_56e31d68.jpg,Duplicate
ne-in_f4_207_13b2ea8d_ne-in_f3_114_6d98a853.jpg,Duplicate
scmy_f4_71_e2e01689_scmy_f4_47_e0de119d.jpg,Duplicate
lu-er_f4_10_b0bdd718_lu-er_f4_329_b18eec6d.jpg,Duplicate
ur-pi_f4_111_fe1b233e_ur-pi_f5_73_b8045757.jpg,Duplicate
ne-in_f3_124_664481fa_ne-in_f2_164_8c3366a0.jpg,Duplicate
ac-vu_f2_32_c69fe17b_ac-vu_f4_147_fa9d0b0d.jpg,Different
pi-ru-pi_f5_57_df2e5683_pi-ru-pi_f4_249_e23ca506.jpg,Duplicate
ch_f3_91_e5b5b0c9_ch_f4_87_a60b2bc9.jpg,Duplicate
po-ac_f2_119_f738a321_po-ac_f1_6_dff65d36.jpg,Duplicate
pe-li_f2_135_cd2b57a4_pe-li_f2_150_b61db24e.jpg,Duplicate
li-si_f5_49_be7b1fdb_li-si_f5_83_df3ef69b.jpg,Duplicate
sy_f2_70_da485a6b_sy_f3_118_4ce32e80.jpg,Duplicate
pi-ru-pi_f4_240_306a7fb4_pi-ru-pi_f5_23_03302d6f.jpg,Duplicate
sq-ce-ca_f0_507_e3dce91b_sq-ce-ca_f2_327_1ed50f19.jpg,Duplicate
co-ne_f1_1_67a5980c_co-ne_f2_44_55d60f56.jpg,Duplicate
ac-vu_f2_298_07a62c58_ac-vu_f1_106_ecd60544.jpg,Different
gr-py_f2_60_870637b4_gr-py_f3_34_ce4c87e3.jpg,Duplicate
xe-pi_f3_73_1e4c7875_xe-pi_f3_69_b76c78eb.jpg,Duplicate
ch_f4_88_8a1fa844_ch_f3_2_1633eff4.jpg,Duplicate
ka-sa_f4_145_170ed3a3_ka-sa_f4_106_97329df1.jpg,Duplicate
le-ma_f4_9_0bcd16b7_le-ma_f3_32_c5714d20.jpg,Duplicate
scab_f4_170_3e26d21c_scab_f5_207_97b19b8e.jpg,Duplicate
ti-bi_f2_18_6e0e05fb_ti-bi_f3_71_6463d36d.jpg,Duplicate
ne-de_f1_88_d8df89bb_ne-de_f1_93_f2de82ed.jpg,Duplicate
ne-de_f4_335_509d7eb1_ne-de_f4_207_d0abcd3b.jpg,Duplicate
ne-in_f3_29_941a6bc9_ne-in_f3_236_3154e924.jpg,Duplicate
gr-py_f3_3_1914e3c0_gr-py_f4_64_5ba6e729.jpg,Duplicate
pa-co-re_f3_76_23575178_pa-co-re_f3_90_dc8b384b.jpg,Unclear
er-an-ce_f2_81_c0c0b15f_er-an-ce_f4_15_29bd5e9f.jpg,Duplicate
fo_f4_337_52a99b22_fo_f3_86_79348716.jpg,Duplicate
er-mu_f4_113_5c4a751b_er-mu_f3_216_10d45900.jpg,Duplicate
ka-sa_f4_31_7f64dd85_ka-sa_f5_130_33a095ba.jpg,Duplicate
in-pi_f4_101_f785ce91_in-pi_f4_30_8fc779cb.jpg,Duplicate
pi-ro_f4_170_3d722c64_pi-ro_f3_109_151966ef.jpg,Unclear
fa-de_f5_60_59089239_fa-de_f5_45_08e99122.jpg,Duplicate
po-ac_f3_124_a062bfcb_po-ac_f4_65_c9d6da6e.jpg,Duplicate
ne-de_f0_66_e6104835_ne-de_f4_339_11ac4650.jpg,Duplicate
sy_f3_45_00c5083c_sy_f2_117_37c8b1a9.jpg,Duplicate
eh-da-sy_f3_23_eb896a2f_eh-da-sy_f3_101_59f90da7.jpg,Duplicate
ac-vu_f1_130_1acfdf44_ac-vu_f1_94_8381b542.jpg,Unclear
scab_f4_278_70e251c7_scab_f5_30_936c707a.jpg,Duplicate
sq-ce-ca_f4_134_ffe6dea0_sq-ce-ca_f4_251_82eed0a4.jpg,Duplicate
er-mu_f4_203_71591539_er-mu_f4_80_2bdc535f.jpg,Duplicate
pe-li_f3_42_b65df386_pe-li_f2_50_aaa282fc.jpg,Duplicate
er-no_f5_2_c64ad4bf_er-no_f2_9_300c7ae4.jpg,Duplicate
tu-sc_f4_5_442ebb6f_tu-sc_f4_118_71e715c0.jpg,Duplicate
fo_f3_202_a3063d86_fo_f4_281_490689be.jpg,Duplicate
ba-ce-ca_f3_10_84d86160_so-cy-ba-ce-ca_f2_8_e67b930a.jpg,Duplicate
li-pl_f4_44_2010fc96_li-pl_f4_443_309de4e0.jpg,Duplicate
pe-de_f3_56_f2711f6e_ac-vu_f2_6_61666c0e.jpg,Different
pe-de_f2_12_90d9274c_pe-de_f1_23_3b385c94.jpg,Different
ne-in_f4_175_80ca45ef_ne-in_f3_74_4cedccd1.jpg,Duplicate
tu-sc_f3_108_278ba1ae_tu-sc_f3_4_94502670.jpg,Duplicate
rh_f2_37_dbb05cb2_rh_f4_78_ea18f7d9.jpg,Duplicate
fo_f0_243_40b50c1b_fo_f3_150_7a57cbba.jpg,Duplicate
er-mu_f4_214_16b8bc3e_er-mu_f4_159_82605d3e.jpg,Duplicate
ne-li_f3_122_9c7d3bcc_ne-li_f4_105_60945169.jpg,Duplicate
ro_f3_100_744b82dd_ro_f4_36_dffba80e.jpg,Duplicate
ac-vu_f1_132_b33b8ed5_ac-vu_f1_98_975468f2.jpg,Different
ac-vu_f1_227_257c7dd5_ac-vu_f2_318_7faf4adf.jpg,Different
scmy_f5_80_a4704557_scmy_f5_36_2eaee36f.jpg,Duplicate
ac-vu_f4_127_0fb5b28a_ac-vu_f2_13_fa57573a.jpg,Different
ca-cu_f2_68_2335501e_ca-cu_f1_17_ad754e50.jpg,Duplicate
pe-li_f1_89_31db72d4_pe-li_f2_146_7a2817fd.jpg,Duplicate
sy_f2_29_2452334a_sy_f2_88_06f65d8d.jpg,Duplicate
pr-no_f4_123_44df5dce_pr-no_f4_54_fec1fe14.jpg,Duplicate
pe-de_f3_56_f2711f6e_pe-de_f2_22_2ecf03b0.jpg,Duplicate
lu-er_f3_355_a02e6b04_lu-er_f2_151_f24d3c62.jpg,Duplicate
my_f0_39_df2be698_my_f0_42_32d2a131.jpg,Duplicate
rh_f2_36_2ec1a966_rh_f1_43_fbd6ac0b.jpg,Duplicate
in-pi_f4_96_03300122_in-pi_f3_27_dfd49aa9.jpg,Duplicate
er-el-di_f6_48_42d1e692_er-el-di_f5_10_be283cd4.jpg,Duplicate
mi_f3_44_c266c328_mi_f4_106_7acc9f41.jpg,Duplicate
fo_f3_283_8dffbb99_fo_f2_232_867ce1ee.jpg,Duplicate
rh_f2_30_180d2c04_ro_f2_7_aa66463f.jpg,Duplicate
li-pl_f2_117_5fc86ab1_li-pl_f1_108_cf9e9877.jpg,Duplicate
ac-vu_f3_99_bf1d4737_ac-vu_f2_185_b9388056.jpg,Different
po_f1_36_32027a7d_po_f2_30_580c979f.jpg,Duplicate
my-fu_f2_105_2a5ade59_my-fu_f2_54_0adf95c8.jpg,Duplicate
ne-in_f3_86_00bd57ad_ne-in_f4_231_96a8bcd7.jpg,Duplicate
pe-li_f3_10_84b03727_pe-li_f3_134_a01ad0b2.jpg,Duplicate
lu-er_f6_327_a2e2f7fc_lu-er_f6_252_966a7288.jpg,Duplicate