/vi_166/vi_f0_48_cfce68ff.jpg,0.376738
/pe-li_151/pe-li_f0_56_47171ffe.jpg,0.377343
/al-co-de_430/al-co-de_f0_326_3b563334.jpg,0.405806
/ne-ne_86/ne-ne_f0_78_b6cf008d.jpg,0.414895
/sa_349/sa_f6_83_a7e104cf.jpg,0.434434
/ti-bi_73/ti-bi_f0_57_a0015024.jpg,0.449038
/pe-li_151/pe-li_f0_73_1a890bb0.jpg,0.463032
/po_127/po_f0_58_e3946fe3.jpg,0.465731
/li-pl_491/li-pl_f0_143_f0e0ab54.jpg,0.477149
/al-co-de_430/al-co-de_f3_221_1bc0afd6.jpg,0.477931
/vi_166/vi_f0_21_b08daf24.jpg,0.478895
/ca-cu_80/ca-cu_f0_49_e69165b3.jpg,0.493908
/ac-ni_92/ac-ni_f6_46_06cb32ae.jpg,0.495908
/vi_166/vi_f5_49_6a661ac6.jpg,0.495925
/eh-da-sy_127/eh-da-sy_f3_52_59f581bc.jpg,0.498555
/nede_69/nede_f1_3_79c05b80.jpg,0.499956
/sa_349/sa_f0_75_0e7be762.jpg,0.500241
/pe-li_151/pe-li_f0_51_4892fc7c.jpg,0.502272
/al-co-de_430/al-co-de_f2_98_c8708d41.jpg,0.506965
/al-co-de_430/al-co-de_f2_212_31e31e68.jpg,0.507258
/ne-de_361/ne-de_f0_118_2ea034fc.jpg,0.510391
/vi_166/vi_f5_3_05938480.jpg,0.51239
/ne-de_361/ne-de_f0_193_bccab73c.jpg,0.512702
/pe-li_151/pe-li_f0_68_f6597c69.jpg,0.516428
/scab_339/scab_f0_23_36f988ad.jpg,0.518441
/ke-pi_78/ke-pi_f3_21_4069cb79.jpg,0.518492
/vi_166/vi_f0_40_8f9bbca8.jpg,0.520771
/ke_156/ke_f4_120_315ed43d.jpg,0.52092
/scab_339/scab_f0_58_3942fba0.jpg,0.521433
/nede_69/nede_f3_2_7f4f73f6.jpg,0.522839
/ac-ni_92/ac-ni_f6_14_d9983861.jpg,0.525591
/da-di_153/da-di_f2_74_0d9be096.jpg,0.526246
/al-co-de_430/al-co-de_f2_258_b920dcbc.jpg,0.530111
/pe-li_151/pe-li_f0_99_10134f12.jpg,0.530203
/la-ce-hi_60/la-ce-hi_f0_47_e69b88d3.jpg,0.531109
/po_127/po_f0_12_cbb874a1.jpg,0.534497
/tu_152/tu_f0_127_b35e4d33.jpg,0.53588
/vi_166/vi_f0_44_93716d2e.jpg,0.536208
/scab_339/scab_f2_122_87a4f891.jpg,0.536659
/al-co-de_430/al-co-de_f0_214_e4eaa82b.jpg,0.538501
/be-di_63/be-di_f0_41_24dc9668.jpg,0.539179
/vi_166/vi_f6_117_cec2228d.jpg,0.543495
/ti-bi_73/ti-bi_f2_16_142ccaea.jpg,0.545914
/fo_342/fo_f5_174_2f0acd4b.jpg,0.546007
/scde_309/scde_f3_200_9c1f28be.jpg,0.549351
/pe-li_151/pe-li_f0_121_140a248b.jpg,0.551919
/ha-ne_82/ha-ne_f4_35_6c5a2ead.jpg,0.552227
/eh-da-sy_127/eh-da-sy_f3_71_6d6e7598.jpg,0.552464
/li-pl_491/li-pl_f3_315_4457b8d4.jpg,0.552471
/ke-pi_78/ke-pi_f4_12_5ca8962f.jpg,0.552521
/gr-an_211/gr-an_f5_43_3947353f.jpg,0.553741
/li-pl_491/li-pl_f2_55_0feaa573.jpg,0.554374
/er-mu_236/er-mu_f1_122_d6d9e33a.jpg,0.556706
/xe-pi_81/xe-pi_f3_34_769a825d.jpg,0.556843
/dr-er_200/dr-er_f1_148_f1c5ba63.jpg,0.557239
/vi_166/vi_f6_93_39c0aa9f.jpg,0.557782
/my_67/my_f0_15_f5dbc635.jpg,0.558132
/la-ce-hi_60/la-ce-hi_f0_59_1f43de07.jpg,0.55854
/ju-xa_149/ju-xa_f0_140_f93904a7.jpg,0.558563
/my_67/my_f0_49_67b42108.jpg,0.55932
/ep-ne_91/ep-ne_f1_70_6853bfe6.jpg,0.560996
/ne-ne_86/ne-ne_f1_82_1f445991.jpg,0.561879
/lu-er_410/lu-er_f3_119_8a03c8f1.jpg,0.563143
/pi_53/pi_f0_49_ceec45ad.jpg,0.564624
/pi-ro_193/pi-ro_f4_4_5d7f2fce.jpg,0.565338
/li-pl_491/li-pl_f6_149_a0c21b39.jpg,0.566255
/sa_349/sa_f5_159_69fe7fbf.jpg,0.567173
/li-pl_491/li-pl_f4_476_51214ce4.jpg,0.568184
/ec_204/ec_f2_30_6e89f9ef.jpg,0.569206
/nede_69/nede_f3_14_fe2562ba.jpg,0.569237
/ne-de_361/ne-de_f0_336_1dc929c4.jpg,0.570038
/ly-di_129/ly-di_f3_67_044788a3.jpg,0.57277
/eh-da-sy_127/eh-da-sy_f5_34_301993a6.jpg,0.572994
/my_67/my_f2_1_fc2d56e7.jpg,0.574556
/nede_69/nede_f1_56_8328a15c.jpg,0.575791
/ju-xa_149/ju-xa_f1_102_e3787e08.jpg,0.576807
/li-pl_491/li-pl_f5_341_d981688b.jpg,0.577583
/ac-ni_92/ac-ni_f6_12_5a360b7e.jpg,0.577661
/al-co-de_430/al-co-de_f4_158_9148de65.jpg,0.577754
/my_67/my_f1_40_2e4b827c.jpg,0.578357
/eh-da-sy_127/eh-da-sy_f2_70_e1c5fa45.jpg,0.578659
/ne-de_361/ne-de_f3_355_52d6fe66.jpg,0.58147
/al-co-de_430/al-co-de_f4_84_09765f33.jpg,0.5829
/al-co-de_430/al-co-de_f2_115_498965b7.jpg,0.583204
/tu-sc_141/tu-sc_f0_62_e1cd9fdb.jpg,0.5838
/ph_348/ph_f5_165_03989051.jpg,0.584163
/al-co-de_430/al-co-de_f4_409_6f9788b0.jpg,0.58484
/pi-cy_93/pi-cy_f3_16_2d7c7bce.jpg,0.585065
/scab_339/scab_f0_22_701c08de.jpg,0.585171
/sq-ce-ca_581/sq-ce-ca_f0_452_deb015c2.jpg,0.585315
/ph_348/ph_f6_100_707eed81.jpg,0.585546
/ur_151/ur_f3_51_8b66ae25.jpg,0.585869
/sq-ce-ca_581/sq-ce-ca_f0_542_4194bd23.jpg,0.586285
/vi_166/vi_f0_10_c6563411.jpg,0.587431
/sq-ce-ca_581/sq-ce-ca_f0_570_9016573f.jpg,0.587488
/st-jo-sy_113/st-jo-sy_f2_56_0bf6524e.jpg,0.588772
/ti-bi_73/ti-bi_f5_49_99d8d5f1.jpg,0.589669
/pa-co-re_150/pa-co-re_f2_99_bb53242d.jpg,0.590142
/ma-me_111/ma-me_f0_18_ee613356.jpg,0.59028
/co-ne_68/co-ne_f1_27_4f385ab8.jpg,0.591644
/ne-de_361/ne-de_f2_208_c5c4e8dd.jpg,0.59216
/tu_152/tu_f3_126_29fe9cf0.jpg,0.594659
/fi-er_125/fi-er_f4_66_185e314d.jpg,0.597698
/al-co-de_430/al-co-de_f5_393_8fb1222d.jpg,0.598195
/ep-bu_70/ep-bu_f1_29_c1f3db06.jpg,0.598561
/di-ac-po_60/di-ac-po_f3_13_f0fd1a79.jpg,0.59924
/na-co_73/na-co_f2_14_261933de.jpg,0.599649
/pi_53/pi_f2_37_9b2e7176.jpg,0.600057
/li-pl_491/li-pl_f3_109_81715eb5.jpg,0.600097
/pa-co-re_150/pa-co-re_f5_14_11031c75.jpg,0.600536
/ac_183/ac_f2_45_e9d651cc.jpg,0.601399
/pe-li_151/pe-li_f0_59_edc15130.jpg,0.601469
/ju-xa_149/ju-xa_f6_80_3d0c32b1.jpg,0.601887
/defi_79/defi_f2_57_d15aaf8a.jpg,0.601992
/nefi_189/nefi_f5_154_d56d5214.jpg,0.602024
/lu-er_410/lu-er_f6_210_b4d55709.jpg,0.602113
/tu_152/tu_f0_17_994b3c5f.jpg,0.602296
/ju-xa_149/ju-xa_f0_136_426bb69b.jpg,0.602608
/ti-bi_73/ti-bi_f1_0_c287e154.jpg,0.603142
/li-pl_491/li-pl_f2_212_f8039dcf.jpg,0.603199
/al-co-de_430/al-co-de_f2_376_667743ac.jpg,0.603717
/fo-sp_100/fo-sp_f0_16_8c4ed204.jpg,0.603898
/di-ac-po_60/di-ac-po_f2_26_000491af.jpg,0.604239
/ec_204/ec_f3_180_9c74ee06.jpg,0.60453
/fo_342/fo_f0_207_db091a9c.jpg,0.60467
/ec_204/ec_f4_117_855002d1.jpg,0.60498
/ec_204/ec_f6_189_5080e0d5.jpg,0.606111
/co-ne_68/co-ne_f1_4_870cc15b.jpg,0.606176
/fo-sp_100/fo-sp_f2_26_ea4fc806.jpg,0.606216
/st-ed_69/st-ed_f5_57_664bdadc.jpg,0.606289
/my_67/my_f3_38_c2392c9d.jpg,0.606583
/my_67/my_f0_9_01fb028a.jpg,0.606665
/me_261/me_f1_50_98a86bd0.jpg,0.606733
/pe-li_151/pe-li_f0_18_39a2e231.jpg,0.607037
/sq-ce-ca_581/sq-ce-ca_f0_436_87e54622.jpg,0.607533
/dy-ec_83/dy-ec_f1_11_48cd09df.jpg,0.607767
/eh-da-sy_127/eh-da-sy_f3_73_1c230599.jpg,0.607969
/fi-er_125/fi-er_f4_17_0ed1bfa2.jpg,0.60866
/sq-ce-ca_581/sq-ce-ca_f6_266_7cedaa32.jpg,0.608676
/tu_152/tu_f0_124_b8d232b7.jpg,0.609995
/su-sp-me-ss_118/su-sp-me-ss_f0_102_a27211a5.jpg,0.610196
/st-jo-sy_113/st-jo-sy_f5_61_1cef1d83.jpg,0.610299
/fo-sp_100/fo-sp_f6_21_2a15701b.jpg,0.610669
/ps_653/ps_f2_462_e9d67eb5.jpg,0.611674
/li-pl_491/li-pl_f2_136_b55cde0e.jpg,0.613135
/dr-er_200/dr-er_f2_107_105478b2.jpg,0.613712
/co-ne_68/co-ne_f4_61_ea98d1de.jpg,0.613715
/lu-er_410/lu-er_f6_367_2065bc45.jpg,0.613806
/sa_349/sa_f1_91_e0a8b9a2.jpg,0.613818
/me_261/me_f2_56_1edc419c.jpg,0.61395
/ep-bu_70/ep-bu_f4_14_e6450978.jpg,0.614532
/sq-ce-ca_581/sq-ce-ca_f3_108_0b9c9069.jpg,0.615012
/pi-li-ch_73/pi-li-ch_f5_16_365bd491.jpg,0.615292
/al-co-de_430/al-co-de_f0_371_2ca8c244.jpg,0.61552
/ly-di_129/ly-di_f2_39_54328733.jpg,0.615608
/ly_100/ly_f3_96_880e8414.jpg,0.615655
/co-ne_68/co-ne_f2_38_8d067742.jpg,0.616106
/ke_156/ke_f1_35_e8943853.jpg,0.616771
/st-ed_69/st-ed_f3_52_476c25fc.jpg,0.616849
/fo-sp_100/fo-sp_f6_45_16e80f17.jpg,0.616922
/ne-se-ja_95/ne-se-ja_f5_77_54911498.jpg,0.616973
/ep-ne_91/ep-ne_f3_4_954ea7a3.jpg,0.617208
/ha-ne_82/ha-ne_f4_61_50320d3e.jpg,0.617384
/ur_151/ur_f4_133_902e4b57.jpg,0.617662
/vi_166/vi_f2_0_a199b3d2.jpg,0.617718
/pr-no_170/pr-no_f0_93_73692321.jpg,0.618322
/li-pl_491/li-pl_f0_28_aa27b654.jpg,0.618846
/scab_339/scab_f0_34_8ffdb29f.jpg,0.618982
/pi-cy_93/pi-cy_f4_38_dedb8abb.jpg,0.619495
/fo_342/fo_f0_8_ca86e26c.jpg,0.619827
/er-an-ce_88/er-an-ce_f3_70_2953acbb.jpg,0.619959
/scde_309/scde_f0_292_61d5d67c.jpg,0.620071
/eh-da-sy_127/eh-da-sy_f2_65_a991a190.jpg,0.620197
/sq-ce-ca_581/sq-ce-ca_f1_56_bbcdfd6a.jpg,0.620294
/tu-sc_141/tu-sc_f3_85_834a990c.jpg,0.620346
/ke_156/ke_f2_114_7cba1267.jpg,0.620442
/fo_342/fo_f2_228_603c4091.jpg,0.620706
/nefi_189/nefi_f5_152_e2e1cf7d.jpg,0.621258
/na-co_73/na-co_f2_23_7d2a7e3b.jpg,0.6221
/su-da-sk_66/su-da-sk_f1_57_1466059d.jpg,0.622239
/ic-vu_65/ic-vu_f2_3_0f1c8aa6.jpg,0.62244
/vi_166/vi_f4_86_4ca3e81a.jpg,0.622473
/al-co-de_430/al-co-de_f3_339_72fabd7f.jpg,0.623327
/ju-xa_149/ju-xa_f1_73_f1b0f589.jpg,0.623822
/la-ce-hi_60/la-ce-hi_f3_18_ef3cfbd1.jpg,0.624629
/ur-pi_112/ur-pi_f1_33_92dbe629.jpg,0.624831
/scde_309/scde_f2_230_3e1a5893.jpg,0.62615
/ne-de_361/ne-de_f0_330_574ea9e2.jpg,0.626354
/my_67/my_f2_0_fa83e64b.jpg,0.626584
/ep-bu_70/ep-bu_f5_46_44112aa3.jpg,0.626663
/dy-ec_83/dy-ec_f4_78_bf4ab5e9.jpg,0.627275
/dr-er_200/dr-er_f4_10_91f53f65.jpg,0.627464
/eh-da-sy_127/eh-da-sy_f2_61_06f03e34.jpg,0.62819
/nefi_189/nefi_f0_89_9430d97d.jpg,0.628262
/er-mu_236/er-mu_f2_173_2610aad0.jpg,0.62855
/nede_69/nede_f2_17_3dd28eeb.jpg,0.628694
/be-ne_63/be-ne_f1_30_fb820bfd.jpg,0.628734
/dr-in-pi-ch_71/dr-in-pi-ch_f4_62_3935593e.jpg,0.629492
/dr-in-pi-ch_71/dr-in-pi-ch_f6_40_27e2bb3b.jpg,0.630059
/ap-cu_72/ap-cu_f5_6_7617d2e5.jpg,0.630143
/be-di_63/be-di_f2_6_f98685df.jpg,0.630229
/fo-sp_100/fo-sp_f2_49_99bc9a0a.jpg,0.630324
/ke_156/ke_f3_147_74042e64.jpg,0.630419
/demy_151/demy_f5_79_904e7509.jpg,0.631035
/fo-sp_100/fo-sp_f6_70_b5ae8d0a.jpg,0.631062
/er-mu_236/er-mu_f1_47_50c83707.jpg,0.631453
/pe-li_151/pe-li_f0_45_4f61a326.jpg,0.631684
/co-ne_68/co-ne_f3_63_c2ad4097.jpg,0.631719
/ur-pi_112/ur-pi_f3_68_98743b5e.jpg,0.632269
/pi_53/pi_f1_24_cab0246d.jpg,0.632523
/my_67/my_f0_19_80419059.jpg,0.632524
/dy-ec_83/dy-ec_f4_22_a7703772.jpg,0.632774
/my_67/my_f0_63_c1d7b846.jpg,0.632993
/ne-ne_86/ne-ne_f3_37_a87c6f39.jpg,0.633026
/hi_90/hi_f3_74_a16016dc.jpg,0.633085
/al-co-de_430/al-co-de_f2_33_f82097f6.jpg,0.633122
/me_261/me_f0_234_47636cb8.jpg,0.633167
/ju-xa_149/ju-xa_f0_147_08904b2c.jpg,0.633257
/al-co-de_430/al-co-de_f1_259_a4993d4b.jpg,0.63329
/me_261/me_f2_33_1400a56e.jpg,0.634646
/ph_348/ph_f3_44_39a661a7.jpg,0.63478
/ha-ne_82/ha-ne_f2_23_78a06c0b.jpg,0.634903
/scde_309/scde_f1_252_eae327de.jpg,0.63531
/er-mu_236/er-mu_f2_189_a11aaf04.jpg,0.635406
/ka-sa_156/ka-sa_f6_74_ae551962.jpg,0.635492
/vi_166/vi_f6_1_f228b0ed.jpg,0.63557
/tu_152/tu_f0_83_79f75873.jpg,0.63584
/ac-vu_335/ac-vu_f2_251_771b21cd.jpg,0.635901
/ac_183/ac_f1_0_4235913d.jpg,0.635966
/tu_152/tu_f0_109_4722319c.jpg,0.636571
/pi_53/pi_f0_50_3db1fcf9.jpg,0.636592
/pi-ru-pi_278/pi-ru-pi_f5_244_748ebd97.jpg,0.637363
/pe-li_151/pe-li_f0_85_c9dc29ec.jpg,0.637383
/st-ed_69/st-ed_f1_48_e60fbd0e.jpg,0.63804
/lu-su_111/lu-su_f6_50_f02ef840.jpg,0.638314
/ac-ni_92/ac-ni_f6_17_7dc216ee.jpg,0.63853
/ba-ce-ca_468/ba-ce-ca_f2_159_45faa12e.jpg,0.638806
/nede_69/nede_f4_12_4a0b70d8.jpg,0.639022
/ac-ni_92/ac-ni_f0_61_c654b1ec.jpg,0.639476
/ch_106/ch_f0_61_d11bf391.jpg,0.639561
/pi-ru-pi_278/pi-ru-pi_f6_29_c573d761.jpg,0.639573
/dr-er_200/dr-er_f4_38_4f278930.jpg,0.63983
/nede_69/nede_f2_20_79563b39.jpg,0.640546
/st_67/st_f4_29_951d7fd1.jpg,0.641119
/me_261/me_f2_108_ecc71c47.jpg,0.641257
/co-ne_68/co-ne_f4_17_c273d2ad.jpg,0.641365
/ph_348/ph_f4_239_6fe9d8fa.jpg,0.641502
/ke_156/ke_f6_32_31eee568.jpg,0.641524
/tu_152/tu_f6_0_402710d6.jpg,0.641736
/na-co_73/na-co_f3_4_3caec8f0.jpg,0.642127
/ur_151/ur_f3_50_81c12c35.jpg,0.64222
/vi_166/vi_f2_81_c137c22d.jpg,0.642237
/scde_309/scde_f6_122_f4c13442.jpg,0.64237
/ac-ni_92/ac-ni_f5_13_92a4607d.jpg,0.642474
/la-ce-hi_60/la-ce-hi_f0_52_2ee08084.jpg,0.643794
/vi_166/vi_f6_18_ccea2099.jpg,0.643813
/eh-da-sy_127/eh-da-sy_f4_112_bdfcc02c.jpg,0.644038
/li-am_77/li-am_f4_38_349d2d22.jpg,0.644103
/al-co-de_430/al-co-de_f2_137_926d7bf8.jpg,0.644166
/hi_90/hi_f4_58_5da8eb50.jpg,0.644195
/ph_348/ph_f2_263_bee8a770.jpg,0.644247
/co-ne_68/co-ne_f6_11_30a0b728.jpg,0.644577
/li-si_97/li-si_f3_69_06d29b06.jpg,0.644614
/ha-ne_82/ha-ne_f3_39_20020bfc.jpg,0.644715
/ps_653/ps_f4_32_9025c924.jpg,0.644902
/ur-pi_112/ur-pi_f1_40_35db0d0d.jpg,0.645033
/eh-da-sy_127/eh-da-sy_f2_69_01a4ef3b.jpg,0.645308
/sy_127/sy_f0_51_0d88a95a.jpg,0.645361
/co-ne_68/co-ne_f2_59_d0bfab00.jpg,0.645675
/ka-sa_156/ka-sa_f6_8_4f56807f.jpg,0.645867
/da-di_153/da-di_f6_72_257d3704.jpg,0.645883
/li-pl_491/li-pl_f4_223_2245b2ae.jpg,0.645904
/scab_339/scab_f6_320_8ff0beb0.jpg,0.646139
/tu_152/tu_f0_42_4800fc63.jpg,0.646297
/pe-li_151/pe-li_f0_120_ce76b129.jpg,0.646297
/ba-ce-ca_468/ba-ce-ca_f4_326_aba2c3ec.jpg,0.646447
/su-da-sk_66/su-da-sk_f4_41_632e354a.jpg,0.646516
/vi_166/vi_f6_47_066ac502.jpg,0.64657
/pi-cy_93/pi-cy_f2_54_4a400ad2.jpg,0.646619
/in-pi_102/in-pi_f4_13_b294e370.jpg,0.646859
/pe-li_151/pe-li_f0_116_b2dc236d.jpg,0.646892
/fo-sp_100/fo-sp_f4_33_93d224f8.jpg,0.647046
/ur-pi_112/ur-pi_f2_6_2e93ae4c.jpg,0.647256
/vi_166/vi_f6_90_ba02082d.jpg,0.647524
/ke_156/ke_f2_51_f0309adc.jpg,0.647715
/fo_342/fo_f0_135_51f3037f.jpg,0.647777
/fo_342/fo_f0_17_0c1d8153.jpg,0.647821
/py-gr_113/py-gr_f3_38_9ed56bcc.jpg,0.648199
/ac-au-bu-di-ge_67/ac-au-bu-di-ge_f4_44_64f924e3.jpg,0.648334
/gr-an_211/gr-an_f4_146_06637121.jpg,0.648453
/co-ne_68/co-ne_f3_12_7414a1d3.jpg,0.648818
/sq-ce-ca_581/sq-ce-ca_f0_225_52658d84.jpg,0.64915
/ep-bu_70/ep-bu_f5_41_25f8dff6.jpg,0.649305
/ec_204/ec_f3_201_9983c4ae.jpg,0.649364
/al-co-de_430/al-co-de_f2_27_d56ed12b.jpg,0.649649
/li-si_97/li-si_f5_41_3d100981.jpg,0.649678
/al-co-de_430/al-co-de_f4_194_782675bb.jpg,0.649688
/me_261/me_f2_60_691260f9.jpg,0.649693
/li-pl_491/li-pl_f3_405_e4815407.jpg,0.649773
/te_126/te_f5_87_c6e89b36.jpg,0.649872
/li-pl_491/li-pl_f1_259_edba7d53.jpg,0.650358
/dy-ec_83/dy-ec_f1_23_faff1924.jpg,0.65055
/fo_342/fo_f3_68_89acdff7.jpg,0.650676
/ap-cu_72/ap-cu_f2_22_230274bc.jpg,0.651101
/sa_349/sa_f4_271_4ef00258.jpg,0.651158
/al-co-de_430/al-co-de_f1_352_3d566f19.jpg,0.651183
/fo-sp_100/fo-sp_f3_79_bc6b509c.jpg,0.651343
/te_126/te_f2_108_a5b81395.jpg,0.651347
/eh-da-sy_127/eh-da-sy_f3_19_f593b870.jpg,0.651712
/ep-ne_91/ep-ne_f1_80_3c6f7c12.jpg,0.651721
/my_67/my_f6_17_1d3998c5.jpg,0.651723
/sq-ce-ca_581/sq-ce-ca_f0_383_62af12ea.jpg,0.652123
/me_261/me_f3_135_6c01e05c.jpg,0.652386
/dr-in-pi-ch_71/dr-in-pi-ch_f3_24_ae1fb4d6.jpg,0.652432
/pi-ru-pi_278/pi-ru-pi_f5_61_644ec0bd.jpg,0.652638
/li-am_77/li-am_f5_73_e40f18ff.jpg,0.652845
/sa_349/sa_f2_112_06e59340.jpg,0.653118
/sa_349/sa_f1_285_fa8a24dc.jpg,0.653139
/al-co-de_430/al-co-de_f2_10_9e054da2.jpg,0.653161
/ke_156/ke_f6_15_fb7470ac.jpg,0.653265
/ke_156/ke_f4_92_aaaa73c7.jpg,0.653459
/ur_151/ur_f3_7_804c5d4c.jpg,0.653595
/ur_151/ur_f1_105_f790ba34.jpg,0.653827
/fo_342/fo_f5_58_038e343e.jpg,0.653927
/ac-ke_175/ac-ke_f2_20_3b843066.jpg,0.653947
/in-pi_102/in-pi_f3_63_f37732cd.jpg,0.653956
/eh-da-sy_127/eh-da-sy_f4_77_53831c8d.jpg,0.654037
/ly-di_129/ly-di_f2_4_b40f1d9b.jpg,0.65406
/al-co-de_430/al-co-de_f4_96_81e861e4.jpg,0.654093
/pi-ro_193/pi-ro_f3_36_e4909a22.jpg,0.654413
/ac-ni_92/ac-ni_f5_50_0afee23d.jpg,0.654561
/scde_309/scde_f0_248_cdb963ad.jpg,0.655027
/me_261/me_f3_11_227aabac.jpg,0.655492
/my_67/my_f6_22_9a38dd9a.jpg,0.655582
/vi_166/vi_f5_76_1ac2010d.jpg,0.655641
/ph_348/ph_f2_247_80162f5c.jpg,0.655838
/st_67/st_f2_49_a8ac470e.jpg,0.655988
/nefi_189/nefi_f3_26_67967c9b.jpg,0.656094
/al-co-de_430/al-co-de_f0_244_d3079c23.jpg,0.65613
/dy-ec_83/dy-ec_f2_58_3b4eb993.jpg,0.656258
/nefi_189/nefi_f5_156_7f3a52a5.jpg,0.656527
/tu_152/tu_f0_69_dc456464.jpg,0.656538
/tu_152/tu_f4_85_e819f658.jpg,0.656577
/my_67/my_f0_20_ad6f4936.jpg,0.656659
/pa-co-re_150/pa-co-re_f4_41_a976cfd3.jpg,0.656884
/li-pl_491/li-pl_f3_398_8faeb6be.jpg,0.657146
/vi_166/vi_f0_55_bc4811c3.jpg,0.657363
/scde_309/scde_f6_294_e177c1b1.jpg,0.657605
/vi_166/vi_f5_108_e490c076.jpg,0.657613
/xe-pi_81/xe-pi_f4_41_4ad19137.jpg,0.657685
/dr-er_200/dr-er_f2_63_b34e2a85.jpg,0.657822
/na-co_73/na-co_f2_12_b3030d83.jpg,0.657929
/vi_166/vi_f4_67_0fb01a43.jpg,0.658136
/sq-ce-ca_581/sq-ce-ca_f5_70_9954afd2.jpg,0.658536
/po-wi-st_59/po-wi-st_f3_17_01011bb3.jpg,0.658591
/me_261/me_f4_213_ddb15beb.jpg,0.65908
/ac_183/ac_f3_61_caecf036.jpg,0.659094
/dy-ec_83/dy-ec_f1_40_e70448ba.jpg,0.65911
/be-di_63/be-di_f1_33_bce0c60a.jpg,0.659207
/ph_348/ph_f2_105_3e851b41.jpg,0.659231
/sq-ce-ca_581/sq-ce-ca_f1_48_66f46297.jpg,0.659351
/sa_349/sa_f5_214_578d64b7.jpg,0.659381
/mi_112/mi_f2_12_43b19bd3.jpg,0.659419
/co-ne_68/co-ne_f2_41_cca5d4ac.jpg,0.659432
/er-an-ce_88/er-an-ce_f3_40_f896d10d.jpg,0.659444
/le-ma_83/le-ma_f2_48_a0f2068e.jpg,0.659678
/fo-sp_100/fo-sp_f0_55_32c0a9b5.jpg,0.65969
/my_67/my_f5_50_22cacebd.jpg,0.659889
/pi-ru-pi_278/pi-ru-pi_f0_37_d23d06b9.jpg,0.660017
/vi_166/vi_f4_110_9fa8c8c6.jpg,0.660164
/lu-er_410/lu-er_f1_174_0f4d52b9.jpg,0.660311
/la-ce-hi_60/la-ce-hi_f0_56_c5f37024.jpg,0.660443
/ne-ne_86/ne-ne_f4_6_db058577.jpg,0.660577
/dr-er_200/dr-er_f4_72_dc2e2794.jpg,0.660606
/ic-vu_65/ic-vu_f2_25_53c8d702.jpg,0.660821
/demy_151/demy_f6_12_2e3b410b.jpg,0.661141
/er-mu_236/er-mu_f4_28_c6f2b177.jpg,0.661893
/ma-me_111/ma-me_f0_86_70e5ffc5.jpg,0.662065
/dr-in-pi-ch_71/dr-in-pi-ch_f5_31_02ed1fe8.jpg,0.662099
/xe-pi_81/xe-pi_f3_29_3064cc6f.jpg,0.662264
/xe-pi_81/xe-pi_f4_77_64c12708.jpg,0.662275
/ne-de_361/ne-de_f1_271_d29ae687.jpg,0.66229
/vi_166/vi_f3_39_bdbf0178.jpg,0.662586
/ly-di_129/ly-di_f6_114_9d929dba.jpg,0.662647
/li-am_77/li-am_f2_17_1d71014f.jpg,0.662749
/ne-de_361/ne-de_f1_175_7cf8c748.jpg,0.662876
/ph_348/ph_f5_150_47612971.jpg,0.662913
/xe-pi_81/xe-pi_f4_50_9f868ec4.jpg,0.662939
/ju-xa_149/ju-xa_f3_17_43713e79.jpg,0.663172
/ph_348/ph_f3_109_5ea2a52a.jpg,0.663274
/li-am_77/li-am_f4_29_18570813.jpg,0.663407
/ic-vu_65/ic-vu_f1_13_a104b6ea.jpg,0.663463
/ly-di_129/ly-di_f4_6_17a4bcd8.jpg,0.663481
/me_261/me_f0_107_c44a2756.jpg,0.66349
/na-co_73/na-co_f4_30_a74e4041.jpg,0.663612
/fa-de_66/fa-de_f5_61_44e76e4f.jpg,0.663632
/xa_53/xa_f0_41_9a7f5c20.jpg,0.663757
/ps_653/ps_f1_536_8f5c4621.jpg,0.66399
/st_67/st_f0_30_de34cfcc.jpg,0.664245
/se-de_126/se-de_f5_109_a06607c0.jpg,0.664363
/me_261/me_f5_3_480fd801.jpg,0.664413
/xe-pi_81/xe-pi_f1_66_6f18fefc.jpg,0.664442
/fo-sp_100/fo-sp_f2_40_34becf08.jpg,0.66469
/xe-pi_81/xe-pi_f4_21_1f5ffa5a.jpg,0.6647
/mu-cy_79/mu-cy_f3_39_77bfb054.jpg,0.664705
/sq-ce-ca_581/sq-ce-ca_f3_276_be39fbdd.jpg,0.664733
/scde_309/scde_f0_303_f87a87ee.jpg,0.664747
/vi_166/vi_f4_32_04338180.jpg,0.664965
/pi-cy_93/pi-cy_f4_74_33d4c189.jpg,0.665033
/dy-ec_83/dy-ec_f1_0_cd38c6d4.jpg,0.665062
/ne-ne_86/ne-ne_f1_56_f4f27399.jpg,0.665066
/vi_166/vi_f1_20_673023e4.jpg,0.665068
/in-pi_102/in-pi_f3_32_63b39f79.jpg,0.665135
/scde_309/scde_f0_301_50e90e2a.jpg,0.665143
/ac-ni_92/ac-ni_f3_83_8d94fea4.jpg,0.665156
/ly_100/ly_f6_73_42899aea.jpg,0.665297
/mu-cy_79/mu-cy_f0_23_738aff85.jpg,0.665617
/pe-li_151/pe-li_f0_148_90df464b.jpg,0.665745
/ic-vu_65/ic-vu_f3_48_b2f8058b.jpg,0.665876
/al-co-de_430/al-co-de_f0_402_f1282230.jpg,0.665929
/vi_166/vi_f5_97_57f7f7c1.jpg,0.665935
/te_126/te_f2_32_c7d29c46.jpg,0.665965
/di-ac-po_60/di-ac-po_f3_0_8903983f.jpg,0.666084
/ac-au-bu-di-ge_67/ac-au-bu-di-ge_f4_11_2b74c3ee.jpg,0.666239
/demy_151/demy_f4_44_1abb8317.jpg,0.66631
/li-pl_491/li-pl_f4_245_4f2db3af.jpg,0.666523
/lu-er_410/lu-er_f6_149_a3fa85d0.jpg,0.666549
/vi_166/vi_f5_106_41de318a.jpg,0.666592
/scde_309/scde_f6_300_267518e9.jpg,0.666705
/al-co-de_430/al-co-de_f4_253_6d2a821c.jpg,0.666722
/st-jo-sy_113/st-jo-sy_f4_2_52b28c8c.jpg,0.667051
/ph_348/ph_f3_193_3ac586e0.jpg,0.667078
/eh-da-sy_127/eh-da-sy_f1_15_55259209.jpg,0.667127
/dy-ec_83/dy-ec_f6_67_f62c7ff9.jpg,0.667431
/ke_156/ke_f1_91_af6f72e7.jpg,0.667441
/sa_349/sa_f6_49_b20dd9c7.jpg,0.667462
/ac-ni_92/ac-ni_f3_11_61d4b4bc.jpg,0.667528
/dr-in-pi-ch_71/dr-in-pi-ch_f2_41_ffdda17d.jpg,0.66772
/py-gr_113/py-gr_f1_82_424ca461.jpg,0.667734
/fa-de_66/fa-de_f0_37_0dd4fb7e.jpg,0.667747
/fa-de_66/fa-de_f1_16_0a06a448.jpg,0.667785
/ha-ne_82/ha-ne_f1_24_bf82b985.jpg,0.667863
/lu-er_410/lu-er_f2_153_80ab011e.jpg,0.668559
/ps_653/ps_f5_468_e8030574.jpg,0.668709
/fo-sp_100/fo-sp_f5_10_77fd685d.jpg,0.668832
/ph_348/ph_f6_257_01b54775.jpg,0.668918
/ne-ne_86/ne-ne_f2_49_c6a9be15.jpg,0.668938
/al-co-de_430/al-co-de_f6_234_534ab2e2.jpg,0.668957
/me_261/me_f2_26_2882e2a3.jpg,0.668995
/ph_348/ph_f1_128_d9175342.jpg,0.669187
/li-pl_491/li-pl_f5_14_eb1fb406.jpg,0.669228
/my_67/my_f0_64_0e46002c.jpg,0.669328
/eh-da-sy_127/eh-da-sy_f5_94_f333df49.jpg,0.669636
/lu-er_410/lu-er_f0_16_322e3b04.jpg,0.669767
/ma-me_111/ma-me_f3_69_8a091188.jpg,0.66977
/xe-pi_81/xe-pi_f5_60_0986bd11.jpg,0.669924
/demy_151/demy_f6_57_f0c4cdd4.jpg,0.670507
/ph_348/ph_f1_5_c014669f.jpg,0.670551
/al-co-de_430/al-co-de_f4_232_81a08738.jpg,0.670707
/ap-cu_72/ap-cu_f2_8_48700506.jpg,0.67087
/ke_156/ke_f4_124_c91269ec.jpg,0.670885
/da-di_153/da-di_f5_145_67997e7a.jpg,0.671135
/dy-ec_83/dy-ec_f2_36_66dab1e4.jpg,0.671138
/dr-er_200/dr-er_f3_131_a7610add.jpg,0.671151
/ne-ne_86/ne-ne_f4_2_c1e1779a.jpg,0.671238
/ps_653/ps_f1_1_a39ec3b1.jpg,0.671638
/ph_348/ph_f1_224_e0c47c15.jpg,0.67164
/me_261/me_f4_237_74c640f2.jpg,0.671666
/pa-co-re_150/pa-co-re_f3_100_5507b2d4.jpg,0.671715
/eh-da-sy_127/eh-da-sy_f4_76_2a4c8ae8.jpg,0.671741
/eh-da-sy_127/eh-da-sy_f3_114_023cf877.jpg,0.671888
/defi_79/defi_f2_34_d4d1b34e.jpg,0.671941
/sa_349/sa_f2_42_5c0802c3.jpg,0.672128
/ap-cu_72/ap-cu_f3_26_0daac368.jpg,0.672394
/co-ne_68/co-ne_f1_8_d52c33f0.jpg,0.672426
/scde_309/scde_f6_269_caa3894b.jpg,0.672464
/vi_166/vi_f6_16_e6867e2c.jpg,0.672621
/co-ne_68/co-ne_f1_7_dd1fbd45.jpg,0.67268
/ps_653/ps_f0_50_535ef4bd.jpg,0.672785
/ac-ke_175/ac-ke_f0_108_7571dac3.jpg,0.672893
/ac_183/ac_f4_181_0845ab55.jpg,0.672909
/sq-ce-ca_581/sq-ce-ca_f6_310_27fa5ac5.jpg,0.67301
/ps_653/ps_f4_523_6ad9e4d3.jpg,0.673093
/ep-ne_91/ep-ne_f1_44_5ef7943d.jpg,0.67319
/li-pl_491/li-pl_f3_221_aabeceb7.jpg,0.673196
/ep-ne_91/ep-ne_f4_46_4b1f5f36.jpg,0.673326
/lu-su_111/lu-su_f1_16_b38f2bc7.jpg,0.673339
/al-co-de_430/al-co-de_f2_171_3fb7c068.jpg,0.673344
/my_67/my_f0_28_d7c4be13.jpg,0.673347
/al-co-de_430/al-co-de_f4_427_0b6a4bf7.jpg,0.673352
/er-an-ce_88/er-an-ce_f2_10_15198462.jpg,0.673372
/da-di_153/da-di_f5_29_afb54338.jpg,0.673604
/ph_348/ph_f4_94_d5837c87.jpg,0.673691
/me_261/me_f2_130_3d9906a7.jpg,0.673743
/ly_100/ly_f3_8_872d5593.jpg,0.673778
/er-mu_236/er-mu_f4_172_e0587857.jpg,0.67386
/ka-sa_156/ka-sa_f3_147_28b6d5c8.jpg,0.674043
/li-am_77/li-am_f5_43_857ab692.jpg,0.674198
/lu-su_111/lu-su_f3_70_3a2e5fe8.jpg,0.674203
/ps_653/ps_f2_577_28d4d389.jpg,0.674229
/co-ne_68/co-ne_f2_15_f2a275f5.jpg,0.674398
/li-pl_491/li-pl_f4_482_88120c72.jpg,0.674454
/st-jo-sy_113/st-jo-sy_f1_6_068404d0.jpg,0.674518
/in-pi_102/in-pi_f1_77_5331db9a.jpg,0.674537
/se-ke_69/se-ke_f1_68_d5b3b908.jpg,0.674538
/fa-de_66/fa-de_f2_34_01ec122b.jpg,0.674543
/ac-ni_92/ac-ni_f6_34_a6f73a22.jpg,0.674658
/scde_309/scde_f0_182_02cc7827.jpg,0.674875
/pi_53/pi_f2_28_556bb0b2.jpg,0.674878
/fa-de_66/fa-de_f6_17_97d3c34e.jpg,0.675236
/vi_166/vi_f2_50_78ad8272.jpg,0.675298
/ph_348/ph_f3_31_bfc31516.jpg,0.67537
/scde_309/scde_f3_2_521b4c4a.jpg,0.675396
/er-an-ce_88/er-an-ce_f2_67_f613416b.jpg,0.675619
/py-gr_113/py-gr_f4_26_0e4b53ce.jpg,0.675627
/la-ce-hi_60/la-ce-hi_f3_35_738b7ab4.jpg,0.675629
/sq-ce-ca_581/sq-ce-ca_f2_405_19052eee.jpg,0.675732
/scde_309/scde_f6_287_3eb50995.jpg,0.675752
/li-pl_491/li-pl_f2_235_53c87350.jpg,0.675818
/me_261/me_f0_103_e276cd90.jpg,0.675843
/li-pl_491/li-pl_f4_425_6417a8e9.jpg,0.675859
/ba-ce-ca_468/ba-ce-ca_f5_259_e54daa4b.jpg,0.676085
/ba-ce-ca_468/ba-ce-ca_f2_68_01850438.jpg,0.676163
/er-mu_236/er-mu_f4_175_98932e38.jpg,0.676198
/lu-er_410/lu-er_f6_45_2dea1285.jpg,0.676212
/mu_92/mu_f3_36_a3fc00f0.jpg,0.676288
/ju-xa_149/ju-xa_f1_86_d867eadb.jpg,0.676378
/me_261/me_f3_236_c1b162ec.jpg,0.676482
/ps_653/ps_f5_595_a09323de.jpg,0.676611
/scmy_108/scmy_f2_50_870d37a8.jpg,0.67662
/st_67/st_f2_1_9bd7df80.jpg,0.67668
/nefi_189/nefi_f4_47_543ceef4.jpg,0.67671
/ac-ke_175/ac-ke_f2_91_cb7f8505.jpg,0.676716
/tu_152/tu_f1_56_a67be91b.jpg,0.67681
/mu_92/mu_f0_64_4d57d290.jpg,0.676829
/ke_156/ke_f5_24_32501149.jpg,0.676957
/gr-an_211/gr-an_f2_32_312ac3ed.jpg,0.677068
/be-di_63/be-di_f5_30_877b6162.jpg,0.677186
/li-si_97/li-si_f6_78_76190e02.jpg,0.677191
/ep-bu_70/ep-bu_f4_21_1c33b614.jpg,0.677224
/ic-vu_65/ic-vu_f2_36_c47b138c.jpg,0.677225
/hi_90/hi_f3_35_86059021.jpg,0.677337
/su-sp-me-ss_118/su-sp-me-ss_f2_104_d7da287f.jpg,0.677405
/fo_342/fo_f6_183_5a0ecd3c.jpg,0.67747
/vi_166/vi_f4_78_7b5433aa.jpg,0.677492
/fo_342/fo_f4_109_7da091d7.jpg,0.677505
/ke_156/ke_f6_4_d95bb36b.jpg,0.677565
/co-ne_68/co-ne_f1_55_029ab44d.jpg,0.677652
/sa_349/sa_f5_8_2042ae11.jpg,0.67769
/ec_204/ec_f1_153_a9b79edc.jpg,0.677923
/st-jo-sy_113/st-jo-sy_f4_64_5281002c.jpg,0.678072
/ps_653/ps_f2_506_7ca31a4b.jpg,0.678176
/ti-bi_73/ti-bi_f2_8_d110f57a.jpg,0.678184
/mi_112/mi_f2_17_f0f7177a.jpg,0.678237
/scab_339/scab_f0_51_0dc2a099.jpg,0.678267
/sa_349/sa_f2_81_eddd8b60.jpg,0.678294
/ur_151/ur_f4_27_6999260e.jpg,0.678309
/eh-da-sy_127/eh-da-sy_f3_7_f4291e41.jpg,0.67831
/se-ke_69/se-ke_f6_17_ed04779a.jpg,0.678394
/pe-li_151/pe-li_f0_132_31d47c9e.jpg,0.678468
/pa-co-re_150/pa-co-re_f4_103_ff1faa79.jpg,0.67855
/ne-se-ja_95/ne-se-ja_f0_35_c45f0e5d.jpg,0.678636
/al-co-de_430/al-co-de_f2_315_9a25e5a6.jpg,0.678644
/ac-vu_335/ac-vu_f6_3_56806210.jpg,0.678713
/ps_653/ps_f1_336_a5ab5f78.jpg,0.678945
/ke_156/ke_f5_60_4747b042.jpg,0.678981
/sa_349/sa_f2_3_fa325d43.jpg,0.679031
/dy-ec_83/dy-ec_f2_65_0ef52360.jpg,0.679051
/li-pl_491/li-pl_f4_296_3d260ca5.jpg,0.679095
/lu-er_410/lu-er_f1_269_e17f2f27.jpg,0.679096
/vi_166/vi_f2_25_a9b73b7c.jpg,0.679141
/pi-li-ch_73/pi-li-ch_f4_47_83916ef4.jpg,0.67916
/scde_309/scde_f6_64_6fa562e2.jpg,0.679269
/dr-er_200/dr-er_f5_144_42a9332f.jpg,0.679299
/hi_90/hi_f3_63_8485ef91.jpg,0.679367
/ke_156/ke_f5_34_92482fd8.jpg,0.679548
/pr-no_170/pr-no_f4_29_f925994e.jpg,0.679551
/lu-er_410/lu-er_f6_110_9c9e2174.jpg,0.679563
/al-co-de_430/al-co-de_f4_417_b78a7ebf.jpg,0.679644
/lu-er_410/lu-er_f0_182_fb60401e.jpg,0.679691
/ps_653/ps_f2_599_2152c7fb.jpg,0.680022
/ep-bu_70/ep-bu_f6_53_1d8f3174.jpg,0.6801
/dr-er_200/dr-er_f2_100_65948c4a.jpg,0.680103
/ps_653/ps_f6_13_ed16510a.jpg,0.680131
/ne-ex_73/ne-ex_f1_7_76b5c7ee.jpg,0.680157
/ke_156/ke_f1_44_32cf32ea.jpg,0.680185
/da-di_153/da-di_f5_2_bd5d73fa.jpg,0.680275
/su-da-sk_66/su-da-sk_f5_47_246b6a92.jpg,0.680317
/ba-ce-ca_468/ba-ce-ca_f5_244_31ef1691.jpg,0.680332
/dr-in-pi-ch_71/dr-in-pi-ch_f6_12_033738ac.jpg,0.680371
/xe-pi_81/xe-pi_f3_3_d23c21f2.jpg,0.680373
/dr-in-pi-ch_71/dr-in-pi-ch_f0_50_aa7f776e.jpg,0.680405
/sa_349/sa_f4_135_5c769b84.jpg,0.68043
/st-jo-sy_113/st-jo-sy_f4_94_c995a083.jpg,0.680439
/ka-sa_156/ka-sa_f6_109_37bbd525.jpg,0.680449
/vi_166/vi_f6_19_b44ee315.jpg,0.680516
/po-mi_78/po-mi_f2_37_d40c3d4a.jpg,0.68058
/nefi_189/nefi_f1_32_a882a843.jpg,0.680644
/te_126/te_f1_111_cd47ebac.jpg,0.680817
/me_261/me_f1_151_2fdb31f6.jpg,0.680863
/ne-ne_86/ne-ne_f4_83_1d76114e.jpg,0.680886
/ka-sa_156/ka-sa_f0_81_73b52cc0.jpg,0.680899
/ps_653/ps_f4_299_3bf34f2e.jpg,0.680937
/ps_653/ps_f1_449_55a4b690.jpg,0.681063
/st-jo-sy_113/st-jo-sy_f2_74_f7e8639a.jpg,0.681159
/ur_151/ur_f2_61_146548ef.jpg,0.681244
/fo_342/fo_f2_136_89c8daa9.jpg,0.681248
/al-co-de_430/al-co-de_f2_301_e68261a0.jpg,0.681252
/ke_156/ke_f4_84_280bd811.jpg,0.681261
/scde_309/scde_f1_199_f729e406.jpg,0.681268
/su-da-sk_66/su-da-sk_f3_65_4cf196dc.jpg,0.681322
/ju-xa_149/ju-xa_f2_11_2f17b027.jpg,0.681376
/ba-ce-ca_468/ba-ce-ca_f1_18_9f0704d5.jpg,0.68141
/er-mu_236/er-mu_f2_68_f8670e53.jpg,0.681447
/al-co-de_430/al-co-de_f5_405_538ba57a.jpg,0.681558
/te_126/te_f1_14_c4544233.jpg,0.681587
/ma-me_111/ma-me_f2_88_045b1d75.jpg,0.681718
/li-re_60/li-re_f4_36_3c8d63d9.jpg,0.681832
/al-co-de_430/al-co-de_f4_167_57eb49f4.jpg,0.68201
/li-pl_491/li-pl_f2_96_4f610343.jpg,0.682074
/se-de_126/se-de_f2_96_8fa5b200.jpg,0.682214
/da-di_153/da-di_f4_22_93c82629.jpg,0.682261
/ps_653/ps_f4_306_da405baa.jpg,0.682269
/ba-ce-ca_468/ba-ce-ca_f3_331_ee55ddd3.jpg,0.682276
/pi-li-ch_73/pi-li-ch_f5_46_d3ad54ca.jpg,0.682297
/ps_653/ps_f0_630_f55631c7.jpg,0.682356
/dy-ec_83/dy-ec_f3_75_a11fa4d8.jpg,0.682358
/vi_166/vi_f6_31_af01661f.jpg,0.682436
/li-pl_491/li-pl_f4_163_92ab1b33.jpg,0.682462
/mi_112/mi_f2_38_f6bc7672.jpg,0.682598
/me_261/me_f3_118_59987085.jpg,0.682614
/co-ne_68/co-ne_f3_52_a141b19f.jpg,0.682629
/ne-ne_86/ne-ne_f6_47_53f2eadf.jpg,0.682829
/ec_204/ec_f5_121_2d6abc80.jpg,0.682899
/scab_339/scab_f0_14_e1bb86f9.jpg,0.682906
/be-di_63/be-di_f4_17_a8025c30.jpg,0.682952
/ju-xa_149/ju-xa_f2_70_4f8cfb17.jpg,0.682961
/pe-li_151/pe-li_f0_48_21e19a36.jpg,0.682998
/pi-cy_93/pi-cy_f4_14_111a3c49.jpg,0.683131
/scde_309/scde_f6_288_f776c959.jpg,0.683218
/ha-ne_82/ha-ne_f2_52_5df724c6.jpg,0.683236
/fi-er_125/fi-er_f3_8_784d33ee.jpg,0.683275
/ac-ni_92/ac-ni_f2_7_1d2994b7.jpg,0.683331
/li-si_97/li-si_f4_56_42f99b0d.jpg,0.683407
/ti-bi_73/ti-bi_f2_26_34b508d5.jpg,0.683444
/sq-ce-ca_581/sq-ce-ca_f5_53_15447b78.jpg,0.683745
/ke_156/ke_f4_16_77c6fecb.jpg,0.683761
/ic-vu_65/ic-vu_f0_11_a9c06003.jpg,0.683988
/pu-ps_53/pu-ps_f3_51_2caa514c.jpg,0.684082
/da-di_153/da-di_f6_92_b0c6e89f.jpg,0.684137
/st-jo-sy_113/st-jo-sy_f4_11_ca1a2120.jpg,0.684161
/ur_151/ur_f3_137_20e54e08.jpg,0.684241
/da-di_153/da-di_f4_151_c7a9b59f.jpg,0.684254
/ka-sa_156/ka-sa_f0_90_babdd76c.jpg,0.684307
/ac-ke_175/ac-ke_f5_88_9fadcc69.jpg,0.684401
/fo_342/fo_f3_142_592d6879.jpg,0.684451
/pa-co-re_150/pa-co-re_f6_92_36eb5fcd.jpg,0.68446
/vi_166/vi_f4_30_37c34d47.jpg,0.68456
/ne-in_260/ne-in_f1_83_ffade4be.jpg,0.68456
/co-ne_68/co-ne_f3_60_10055efa.jpg,0.684605
/fo_342/fo_f2_43_23a49811.jpg,0.684672
/my_67/my_f3_32_536ebbe1.jpg,0.684817
/sq-ce-ca_581/sq-ce-ca_f2_135_c9957450.jpg,0.684819
/me_261/me_f3_2_22f13657.jpg,0.684832
/se-ke_69/se-ke_f1_9_3d272564.jpg,0.68487
/dr-er_200/dr-er_f5_132_52626ec9.jpg,0.68491
/st-jo-sy_113/st-jo-sy_f2_35_968f03ef.jpg,0.684924
/co-ne_68/co-ne_f1_29_7edd1ea6.jpg,0.684975
/scmy_108/scmy_f3_59_4f0074ee.jpg,0.685007
/ba-ce-ca_468/ba-ce-ca_f1_7_42bb46cb.jpg,0.685042
/xe-pi_81/xe-pi_f4_23_ace6df6d.jpg,0.685042
/nede_69/nede_f4_10_f5105449.jpg,0.685053
/ur_151/ur_f1_96_98a35dce.jpg,0.685111
/li-si_97/li-si_f3_14_a78d0f91.jpg,0.685115
/nefi_189/nefi_f5_111_1f7170ec.jpg,0.685172
/nefi_189/nefi_f4_174_31000be3.jpg,0.685178
/er-an-ce_88/er-an-ce_f3_23_74fb3391.jpg,0.68519
/ke_156/ke_f4_18_2a3200b1.jpg,0.685199
/st_67/st_f5_13_41b0ea8a.jpg,0.68522
/ep-bu_70/ep-bu_f0_67_bacdff57.jpg,0.685222
/st_67/st_f5_36_2eb6cf7b.jpg,0.685222
/dr-er_200/dr-er_f1_17_02984c88.jpg,0.68524
/lu-er_410/lu-er_f6_199_e44e0935.jpg,0.685314
/ph_348/ph_f2_207_1ea5185e.jpg,0.68538
/ps_653/ps_f4_600_90864060.jpg,0.68544
/ph_348/ph_f3_38_1e66c67b.jpg,0.685456
/li-pl_491/li-pl_f5_137_fd1654f3.jpg,0.685549
/defi_79/defi_f3_5_322b68d3.jpg,0.685554
/py-gr_113/py-gr_f4_100_00742b7d.jpg,0.685582
/ti-bi_73/ti-bi_f4_14_6590edb0.jpg,0.685587
/mu-cy_79/mu-cy_f4_21_c1d5adb0.jpg,0.685624
/fi-er_125/fi-er_f4_29_3940c79b.jpg,0.685671
/fo_342/fo_f4_28_6a40c6fe.jpg,0.685725
/nefi_189/nefi_f6_108_d154ae12.jpg,0.685731
/nefi_189/nefi_f3_136_9dc45791.jpg,0.685731
/fi-er_125/fi-er_f3_21_ae608b81.jpg,0.685775
/po-mi_78/po-mi_f2_51_accc691e.jpg,0.685802
/py-gr_113/py-gr_f1_108_f09014ee.jpg,0.685842
/sq-ce-ca_581/sq-ce-ca_f3_230_43d1ad58.jpg,0.685848
/me_261/me_f3_47_318c1c68.jpg,0.685848
/xe-pi_81/xe-pi_f3_70_9599eeeb.jpg,0.685852
/tu-sc_141/tu-sc_f4_53_34091f25.jpg,0.68587
/na-co_73/na-co_f2_17_6298691a.jpg,0.685957
/xe-pi_81/xe-pi_f3_45_f67cb005.jpg,0.68596
/ke_156/ke_f6_13_bfb97335.jpg,0.686045
/ti-bi_73/ti-bi_f0_9_8156d4f6.jpg,0.686071
/scde_309/scde_f6_279_8c0a8c9a.jpg,0.686181
/ba-ce-ca_468/ba-ce-ca_f4_335_296ec477.jpg,0.686261
/st-jo-sy_113/st-jo-sy_f1_66_8de87eae.jpg,0.686314
/fi-er_125/fi-er_f6_43_e81e6a40.jpg,0.686321
/ph_348/ph_f2_167_9b3415d0.jpg,0.68637
/su-da-sk_66/su-da-sk_f2_55_b4a34b1e.jpg,0.686371
/py-gr_113/py-gr_f3_60_f8fc75a6.jpg,0.686438
/gr-an_211/gr-an_f3_7_75478b2a.jpg,0.686475
/ps_653/ps_f1_334_72ef01ef.jpg,0.686571
/pi_53/pi_f0_52_97492f57.jpg,0.686591
/pi_53/pi_f0_51_10b7dd2d.jpg,0.686591
/li-pl_491/li-pl_f1_226_a663c416.jpg,0.686648
/ma-me_111/ma-me_f2_74_82c7173a.jpg,0.686652
/na-co_73/na-co_f2_50_668404d6.jpg,0.68667
/ke_156/ke_f3_66_992d6a81.jpg,0.686696
/nefi_189/nefi_f5_91_2ebbb9ae.jpg,0.686709
/ur-pi_112/ur-pi_f4_14_6d95f955.jpg,0.686825
/ba-ce-ca_468/ba-ce-ca_f4_390_62def660.jpg,0.686894
/po_127/po_f3_43_a44d32ef.jpg,0.686937
/ic-vu_65/ic-vu_f2_56_122d2f0a.jpg,0.686966
/scde_309/scde_f6_306_416c9241.jpg,0.686971
/xa_53/xa_f1_37_969d7597.jpg,0.686998
/ur-pi_112/ur-pi_f2_76_a233fbf4.jpg,0.687009
/be-ne_63/be-ne_f1_13_31860ef5.jpg,0.687094
/scde_309/scde_f2_142_62841f2a.jpg,0.68714
/my_67/my_f0_27_017ff987.jpg,0.687172
/ke_156/ke_f2_6_c686ea44.jpg,0.687188
/ly_100/ly_f6_28_64222f33.jpg,0.6872
/er-mu_236/er-mu_f3_112_9c1abac2.jpg,0.687204
/sq-ce-ca_581/sq-ce-ca_f2_175_5755a2b7.jpg,0.687213
/vi_166/vi_f4_82_85d30e6a.jpg,0.687229
/li-am_77/li-am_f5_3_ed61d8e4.jpg,0.687244
/st-jo-sy_113/st-jo-sy_f6_65_34e20d92.jpg,0.687255
/fo-sp_100/fo-sp_f2_60_e87ee141.jpg,0.687332
/st-jo-sy_113/st-jo-sy_f0_50_5897cac3.jpg,0.687403
/dr-er_200/dr-er_f1_49_349a8728.jpg,0.687415
/me_261/me_f4_163_f1979b9b.jpg,0.687487
/ti-bi_73/ti-bi_f0_66_4c6ab2fa.jpg,0.687487
/mi_112/mi_f3_73_fc3b51e3.jpg,0.687538
/ur-pi_112/ur-pi_f2_84_a4a16caf.jpg,0.687602
/st_67/st_f2_27_9bbcea59.jpg,0.687632
/lu-er_410/lu-er_f4_251_bb7b042d.jpg,0.687718
/vi_166/vi_f5_24_373f31f8.jpg,0.687727
/ph_348/ph_f2_121_4b50b211.jpg,0.687756
/ac_183/ac_f3_91_58f4166e.jpg,0.687756
/er-no_81/er-no_f4_54_cf3b29fc.jpg,0.687779
/er-no_81/er-no_f4_64_8a1f9d04.jpg,0.687779
/er-mu_236/er-mu_f5_141_900ba627.jpg,0.687788
/ac-vu_335/ac-vu_f5_71_0a971d1a.jpg,0.68781
/scde_309/scde_f6_281_2cd0eea3.jpg,0.687855
/ur-pi_112/ur-pi_f2_98_019fed6c.jpg,0.687862
/al-co-de_430/al-co-de_f4_29_c6121b05.jpg,0.687914
/la-ce-hi_60/la-ce-hi_f4_27_2c71fa56.jpg,0.687969
/al-co-de_430/al-co-de_f5_320_47a1d53a.jpg,0.687999
/py-gr_113/py-gr_f4_25_77cbfcac.jpg,0.688001
/pr-no_170/pr-no_f5_1_5f4376e4.jpg,0.688025
/xe-pi_81/xe-pi_f6_37_b72d1be0.jpg,0.68806
/xa_53/xa_f6_49_3d410eaa.jpg,0.68808
/di-ac-po_60/di-ac-po_f0_8_f495a8dc.jpg,0.688119
/ha-ne_82/ha-ne_f5_3_2d475343.jpg,0.688124
/me_261/me_f5_198_70766ed2.jpg,0.688152
/fo_342/fo_f2_239_67254c52.jpg,0.688162
/ti-bi_73/ti-bi_f6_28_c4b814c6.jpg,0.688186
/da-di_153/da-di_f3_3_253be2f4.jpg,0.688189
/mu_92/mu_f1_46_fef64100.jpg,0.688195
/al-co-de_430/al-co-de_f3_40_33df6d7d.jpg,0.688218
/lu-su_111/lu-su_f1_48_86170312.jpg,0.688234
/ac-au-bu-di-ge_67/ac-au-bu-di-ge_f1_54_d2faa8cd.jpg,0.688275
/in-pi_102/in-pi_f1_31_d9500700.jpg,0.688285
/pr-no_170/pr-no_f6_101_5083ac97.jpg,0.6883
/xa_53/xa_f4_5_4221e815.jpg,0.688334
/ka-sa_156/ka-sa_f0_38_b46b8280.jpg,0.688412
/li-pl_491/li-pl_f3_455_4d803d08.jpg,0.688513
/dr-er_200/dr-er_f3_179_1fc78964.jpg,0.688515
/tu-sc_141/tu-sc_f1_13_464fed2d.jpg,0.688615
/ps_653/ps_f4_296_b4366860.jpg,0.688655
/le-ma_83/le-ma_f1_69_9b5a17a8.jpg,0.688668
/st-jo-sy_113/st-jo-sy_f2_63_cd1c5c11.jpg,0.688696
/pi-cy_93/pi-cy_f2_68_3ec49196.jpg,0.688705
/fo-sp_100/fo-sp_f0_76_b37342fb.jpg,0.688707
/ne-de_361/ne-de_f3_201_5d622e89.jpg,0.688777
/po_127/po_f4_63_92f811a7.jpg,0.688799
/nede_69/nede_f2_34_7ce84cd5.jpg,0.688813
/ke_156/ke_f2_26_208f0633.jpg,0.68884
/xe-pi_81/xe-pi_f6_48_62e56934.jpg,0.688886
/al-co-de_430/al-co-de_f2_41_306c8971.jpg,0.688899
/ac-en_92/ac-en_f0_46_7c80055a.jpg,0.688917
/po_127/po_f5_65_0e79b74e.jpg,0.688923
/my-fu_182/my-fu_f4_166_473f3594.jpg,0.688954
/ka-sa_156/ka-sa_f6_41_be14688e.jpg,0.68897
/gr-an_211/gr-an_f5_144_5fcfb39b.jpg,0.689016
/vi_166/vi_f3_62_d4989d35.jpg,0.68908
/ac-ni_92/ac-ni_f4_37_a7aaf312.jpg,0.689086
/dr-er_200/dr-er_f4_119_036fe9ab.jpg,0.689111
/ep-ne_91/ep-ne_f1_40_aa15d4ec.jpg,0.689115
/scde_309/scde_f0_12_b5fb2056.jpg,0.689169
/vi_166/vi_f4_87_0cdd4a4c.jpg,0.68919
/po-mi_78/po-mi_f4_77_6f620dfd.jpg,0.689204
/nede_69/nede_f2_49_19231e3c.jpg,0.689248
/fo-sp_100/fo-sp_f1_24_20dade76.jpg,0.689287
/gr-an_211/gr-an_f4_9_b147357e.jpg,0.689303
/ma-me_111/ma-me_f1_50_a58fdf7c.jpg,0.689307
/vi_166/vi_f6_60_bd9ebdee.jpg,0.689404
/li-re_60/li-re_f1_42_aad87a85.jpg,0.689422
/fo_342/fo_f1_55_dabd2111.jpg,0.689429
/su-da-sk_66/su-da-sk_f2_33_3ac078fe.jpg,0.689432
/lu-er_410/lu-er_f4_132_87aa1456.jpg,0.689443
/pi-ru-pi_278/pi-ru-pi_f5_2_e663583f.jpg,0.689466
/da-di_153/da-di_f3_71_21406d2d.jpg,0.689489
/li-pl_491/li-pl_f3_198_ed6b8b64.jpg,0.689497
/ka-sa_156/ka-sa_f2_51_024a737c.jpg,0.689511
/ju-xa_149/ju-xa_f4_144_3b52518f.jpg,0.689539
/nefi_189/nefi_f6_187_050fa8d2.jpg,0.68957
/ke_156/ke_f6_80_c3421ee0.jpg,0.689575
/ke_156/ke_f5_68_9db1a390.jpg,0.689652
/nefi_189/nefi_f5_158_7ad36207.jpg,0.689686
/nefi_189/nefi_f4_148_feaba983.jpg,0.689686
/pa-co-re_150/pa-co-re_f4_107_5b7be5df.jpg,0.689694
/ps_653/ps_f0_88_52f5155f.jpg,0.689712
/ma-me_111/ma-me_f2_65_cad0c1ba.jpg,0.689717
/fi-er_125/fi-er_f3_40_63281a7a.jpg,0.689718
/pi-ru-pi_278/pi-ru-pi_f2_31_87903bb9.jpg,0.689752
/li-pl_491/li-pl_f6_450_a15efe8b.jpg,0.689774
/dr-in-pi-ch_71/dr-in-pi-ch_f6_33_dc9e6073.jpg,0.689781
/fo_342/fo_f5_169_f41dc3b4.jpg,0.689783
/ne-de_361/ne-de_f3_41_699cf121.jpg,0.689793
/sa_349/sa_f6_219_e042428c.jpg,0.689799
/nefi_189/nefi_f5_19_0cae440b.jpg,0.68981
/sq-ce-ca_581/sq-ce-ca_f6_497_6dd76797.jpg,0.689902
/pi_53/pi_f2_32_59ea6b7b.jpg,0.689978
/scde_309/scde_f6_280_e0c06db3.jpg,0.690039
/gr-an_211/gr-an_f2_108_9afcb093.jpg,0.690054
/ec_204/ec_f6_200_e4397d47.jpg,0.690054
/dr-er_200/dr-er_f4_12_8627d706.jpg,0.690067
/st-jo-sy_113/st-jo-sy_f2_90_a7249cfb.jpg,0.690083
/po-mi_78/po-mi_f0_11_ea15f1a2.jpg,0.690087
/ep-ne_91/ep-ne_f0_10_127c095d.jpg,0.690115
/mu-cy_79/mu-cy_f4_1_083693f9.jpg,0.690125
/scde_309/scde_f2_99_96adad5f.jpg,0.690163
/sq-ce-ca_581/sq-ce-ca_f3_161_ef5f848d.jpg,0.690209
/pe-li_151/pe-li_f0_140_5776688a.jpg,0.690212
/vi_166/vi_f6_70_8a5aa2bf.jpg,0.690239
/ps_653/ps_f5_104_46265c45.jpg,0.690254
/fa-de_66/fa-de_f1_39_79a41042.jpg,0.690271
/ic-vu_65/ic-vu_f2_27_7569600c.jpg,0.690287
/ke_156/ke_f1_113_ab223980.jpg,0.690337
/py-gr_113/py-gr_f2_3_3aef03ec.jpg,0.690341
/ps_653/ps_f2_510_f27f03b5.jpg,0.69036
/sq-ce-ca_581/sq-ce-ca_f2_289_bbe2ba6d.jpg,0.690391
/sq-ce-ca_581/sq-ce-ca_f4_575_da967a33.jpg,0.690428
/ac-ni_92/ac-ni_f5_64_0bac999c.jpg,0.690429
/al-co-de_430/al-co-de_f4_180_8f0044b4.jpg,0.690438
/pr-no_170/pr-no_f5_133_c2caca35.jpg,0.690457
/ic-vu_65/ic-vu_f0_45_add15c21.jpg,0.690487
/ke-pi_78/ke-pi_f5_35_42396c49.jpg,0.690498
/li-pl_491/li-pl_f5_174_16bced8b.jpg,0.690536
/er-el-di_55/er-el-di_f5_2_fcb7c9a7.jpg,0.690544
/ne-se-ja_95/ne-se-ja_f3_71_d5752551.jpg,0.690551
/ka-sa_156/ka-sa_f3_60_560d811d.jpg,0.69065
/scde_309/scde_f1_253_5b204983.jpg,0.690655
/po-ac_183/po-ac_f5_103_dd02b4ff.jpg,0.690657
/li-si_97/li-si_f6_47_04379559.jpg,0.690688
/pr-no_170/pr-no_f3_111_34a4c651.jpg,0.690731
/scab_339/scab_f5_60_24c029af.jpg,0.690766
/ju-xa_149/ju-xa_f4_7_32170ab2.jpg,0.690814
/vi_166/vi_f3_111_b9cec811.jpg,0.690816
/ph_348/ph_f2_248_656aeb42.jpg,0.690816
/xa_53/xa_f4_8_d9df6295.jpg,0.690825
/ju-xa_149/ju-xa_f1_35_ec96a7fc.jpg,0.69083
/ne-de_361/ne-de_f3_216_5b30ea52.jpg,0.690851
/scde_309/scde_f4_85_32ee50d1.jpg,0.690852
/po-mi_78/po-mi_f3_38_39c8ef26.jpg,0.690859
/scde_309/scde_f6_304_145e726d.jpg,0.690876
/st-ed_69/st-ed_f2_29_679e335f.jpg,0.690883
/ke_156/ke_f1_27_2ce6ab37.jpg,0.690895
/me_261/me_f5_172_3edf305f.jpg,0.690913
/ne-in_260/ne-in_f4_122_552b120d.jpg,0.690914
/te_126/te_f3_26_3c037f81.jpg,0.69094
/na-co_73/na-co_f1_3_e0cb7de3.jpg,0.690953
/scde_309/scde_f5_179_bdc5c0d8.jpg,0.690993
/my-fu_182/my-fu_f4_39_d3b99390.jpg,0.691005
/ac-ni_92/ac-ni_f3_30_36c25c23.jpg,0.691015
/pu-ps_53/pu-ps_f0_0_c204c7c8.jpg,0.69104
/vi_166/vi_f6_116_a73806bd.jpg,0.691053
/sy_127/sy_f5_62_7d3fb9d1.jpg,0.691066
/nefi_189/nefi_f4_80_99faf01e.jpg,0.691109
/sq-ce-ca_581/sq-ce-ca_f2_170_d1d1edeb.jpg,0.691119
/me_261/me_f4_75_879ce3af.jpg,0.691146
/ac-ni_92/ac-ni_f3_73_e3fada7f.jpg,0.691155
/ac-ni_92/ac-ni_f3_33_fa38e6ea.jpg,0.691164
/lu-su_111/lu-su_f1_62_79c9836f.jpg,0.691183
/ep-ne_91/ep-ne_f4_67_3f51e939.jpg,0.691185
/pa-co-re_150/pa-co-re_f1_30_b78ee58b.jpg,0.691186
/al-co-de_430/al-co-de_f2_247_a1550552.jpg,0.691232
/sq-ce-ca_581/sq-ce-ca_f2_278_5ebf2926.jpg,0.691234
/ic-vu_65/ic-vu_f2_28_5b3aeb81.jpg,0.691236
/ne-de_361/ne-de_f2_184_e3f9a647.jpg,0.691269
/ps_653/ps_f4_337_9f1eca50.jpg,0.691284
/ps_653/ps_f0_319_6c753ba3.jpg,0.691286
/xa_53/xa_f3_51_9b64fb2b.jpg,0.691368
/ma-me_111/ma-me_f0_7_f9b0f692.jpg,0.691375
/su-da-sk_66/su-da-sk_f5_17_73a6bfbc.jpg,0.691386
/fa-de_66/fa-de_f6_27_f6071ca6.jpg,0.69143
/scde_309/scde_f6_217_7cfee4df.jpg,0.691463
/st_67/st_f2_32_f739f609.jpg,0.69149
/ke_156/ke_f6_61_8aa50c93.jpg,0.691531
/scde_309/scde_f5_22_1255c42c.jpg,0.691542
/ps_653/ps_f4_507_b1f7cd58.jpg,0.691581
/nefi_189/nefi_f5_178_5b0a9330.jpg,0.691733
/pi-ro_193/pi-ro_f2_97_c3442674.jpg,0.691782
/ch_106/ch_f2_27_9b392ce7.jpg,0.691803
/se-ke_69/se-ke_f1_60_46d63b65.jpg,0.691843
/ps_653/ps_f0_85_b1905827.jpg,0.691852
/hi_90/hi_f3_39_0722cf2c.jpg,0.691875
/ba-ce-ca_468/ba-ce-ca_f4_64_1c5adfdb.jpg,0.691936
/li-pl_491/li-pl_f4_258_2e7c2f31.jpg,0.691937
/sq-ce-ca_581/sq-ce-ca_f2_305_1bd0b399.jpg,0.691942
/dr-er_200/dr-er_f1_68_5e3c9524.jpg,0.691973
/hi_90/hi_f2_49_05c3844d.jpg,0.692013
/mu_92/mu_f5_30_eaffa21a.jpg,0.692038
/al-co-de_430/al-co-de_f2_186_7a89b3be.jpg,0.692067
/me_261/me_f1_98_db88650a.jpg,0.692115
/xa_53/xa_f4_33_609a3110.jpg,0.692125
/fo_342/fo_f4_188_f7c577c8.jpg,0.69214
/dr-er_200/dr-er_f4_98_4685fb75.jpg,0.692162
/se-ke_69/se-ke_f3_6_37efc50b.jpg,0.692175
/me_261/me_f1_59_ddcb8094.jpg,0.692187
/ur-pi_112/ur-pi_f3_78_5976c105.jpg,0.692202
/me_261/me_f3_30_2701b06d.jpg,0.692209
/sq-ce-ca_581/sq-ce-ca_f5_369_1f2489a0.jpg,0.692241
/ep-ne_91/ep-ne_f2_82_f17773a2.jpg,0.69227
/se-de_126/se-de_f1_37_8fe2320b.jpg,0.692316
/ph_348/ph_f0_54_0dfca9fd.jpg,0.692325
/sy_127/sy_f4_99_9ed2f9f8.jpg,0.692347
/fi-er_125/fi-er_f4_34_e4464012.jpg,0.692378
/demy_151/demy_f4_140_64cc448c.jpg,0.692379
/li-pl_491/li-pl_f3_81_81ee5793.jpg,0.692418
/li-si_97/li-si_f5_75_202cbc4c.jpg,0.69242
/fi-er_125/fi-er_f6_64_3adf9b93.jpg,0.692442
/ps_653/ps_f1_31_9012eb7f.jpg,0.692447
/fi-er_125/fi-er_f6_2_94774d1e.jpg,0.692456
/na-co_73/na-co_f1_13_19d0408a.jpg,0.692475
/ne-ne_86/ne-ne_f4_8_babe125b.jpg,0.692478
/gr-an_211/gr-an_f3_95_53902b69.jpg,0.692533
/al-co-de_430/al-co-de_f2_314_67e02771.jpg,0.692549
/po_127/po_f3_98_d94e41be.jpg,0.692552
/gr-py_75/gr-py_f6_58_8f103b8f.jpg,0.692558
/sq-ce-ca_581/sq-ce-ca_f1_249_8c19c8ab.jpg,0.692568
/xe-pi_81/xe-pi_f6_24_76270abe.jpg,0.692573
/fa-de_66/fa-de_f6_63_f5c951ba.jpg,0.692578
/ur-pi_112/ur-pi_f2_66_8723be68.jpg,0.692609
/la-ce-hi_60/la-ce-hi_f1_45_f6e6b1a8.jpg,0.69261
/pr-no_170/pr-no_f1_92_fb4615c6.jpg,0.692651
/st_67/st_f3_51_f10e284d.jpg,0.692658
/se-de_126/se-de_f2_36_33d3676d.jpg,0.692733
/li-si_97/li-si_f0_43_c5ca395b.jpg,0.692739
/sa_349/sa_f0_107_89f8b64f.jpg,0.692742
/po-wi-st_59/po-wi-st_f3_44_665f80f3.jpg,0.692748
/eh-da-sy_127/eh-da-sy_f5_20_de403dde.jpg,0.692764
/vi_166/vi_f4_43_90e8d09f.jpg,0.69277
/tu_152/tu_f3_89_b46636ef.jpg,0.692771
/na-co_73/na-co_f4_54_dc0f9001.jpg,0.692772
/ps_653/ps_f2_254_ee53516b.jpg,0.692825
/lu-er_410/lu-er_f3_183_0af39429.jpg,0.69283
/al-co-de_430/al-co-de_f3_340_f5606351.jpg,0.69283
/su-sp-me-ss_118/su-sp-me-ss_f2_20_b6b14804.jpg,0.692843
/ne-de_361/ne-de_f4_318_f43f1d22.jpg,0.69287
/gr-an_211/gr-an_f1_90_39549d0d.jpg,0.692916
/sq-ce-ca_581/sq-ce-ca_f0_340_9b729949.jpg,0.69293
/sq-ce-ca_581/sq-ce-ca_f3_117_abd3e139.jpg,0.692937
/la-ce-hi_60/la-ce-hi_f2_8_41538aa3.jpg,0.692945
/mu_92/mu_f1_0_a28915ae.jpg,0.692963
/co-ne_68/co-ne_f0_31_beef6584.jpg,0.692989
/mu_92/mu_f4_35_65ef95db.jpg,0.692991
/ac-au-bu-di-ge_67/ac-au-bu-di-ge_f3_59_cfca40f5.jpg,0.693002
/sa_349/sa_f5_88_13c501ae.jpg,0.693042
/ne-ex_73/ne-ex_f1_26_e7ca753c.jpg,0.693043
/ke_156/ke_f6_105_3741b8a8.jpg,0.693055
/lu-er_410/lu-er_f4_225_83c4732d.jpg,0.693125
/ur-pi_112/ur-pi_f5_95_4a0bd21d.jpg,0.693126
/se-ke_69/se-ke_f1_18_e600041d.jpg,0.693141
/ka-sa_156/ka-sa_f6_53_e252f2b2.jpg,0.693146
/ac_183/ac_f5_24_e95dc7cb.jpg,0.693175
/co-ne_68/co-ne_f3_40_bfc941f0.jpg,0.693201
/er-mu_236/er-mu_f1_76_e0cf9e53.jpg,0.693209
/pi-ro_193/pi-ro_f3_42_63be8d11.jpg,0.693214
/pr-no_170/pr-no_f5_86_8e455620.jpg,0.693221
/al-co-de_430/al-co-de_f2_18_2f3ec777.jpg,0.693235
/tu_152/tu_f3_135_33416ae1.jpg,0.693258
/demy_151/demy_f3_77_5b5e4a70.jpg,0.693272
/scab_339/scab_f5_123_7edf479e.jpg,0.693277
/er-an-ce_88/er-an-ce_f3_8_c4e756a7.jpg,0.693313
/ac-ke_175/ac-ke_f4_147_ff16b28c.jpg,0.693336
/ti-bi_73/ti-bi_f2_56_2cc78a4d.jpg,0.693346
/ha-ne_82/ha-ne_f2_63_0e040061.jpg,0.693379
/ti-bi_73/ti-bi_f5_45_dfbbf362.jpg,0.693395
/be-di_63/be-di_f3_34_8924ade1.jpg,0.693397
/my-fu_182/my-fu_f5_116_a468181a.jpg,0.693436
/li-am_77/li-am_f3_25_63d2c390.jpg,0.693448
/dr-in-pi-ch_71/dr-in-pi-ch_f4_21_430ddfb6.jpg,0.693448
/dr-er_200/dr-er_f1_118_9e06cb77.jpg,0.693459
/ps_653/ps_f4_193_6bca7674.jpg,0.693467
/ac_183/ac_f3_54_c01fbc59.jpg,0.69349
/dr-er_200/dr-er_f4_177_393519bb.jpg,0.693495
/xe-pi_81/xe-pi_f5_25_dc0bbb1c.jpg,0.693495
/scab_339/scab_f3_107_6f507632.jpg,0.693499
/scab_339/scab_f4_47_bc1802b4.jpg,0.693499
/ps_653/ps_f2_67_487a1e12.jpg,0.693499
/al-co-de_430/al-co-de_f2_242_b832bcac.jpg,0.693515
/fa-de_66/fa-de_f2_54_030ab080.jpg,0.693531
/pe-li_151/pe-li_f0_52_58a0cff1.jpg,0.693541
/er-no_81/er-no_f2_65_a3548f55.jpg,0.693554
/al-co-de_430/al-co-de_f2_241_ec0042c1.jpg,0.693556
/ec_204/ec_f0_49_0b99557d.jpg,0.693565
/ps_653/ps_f2_396_adfbf477.jpg,0.693571
/ne-ne_86/ne-ne_f1_74_d863e7bb.jpg,0.693576
/fa-de_66/fa-de_f6_50_6e34511e.jpg,0.693588
/demy_151/demy_f2_55_3085ec05.jpg,0.693607
/st-jo-sy_113/st-jo-sy_f2_24_1fcbfde3.jpg,0.693619
/st-ed_69/st-ed_f0_31_daea4242.jpg,0.693628
/ur_151/ur_f3_77_9de93b19.jpg,0.693633
/nefi_189/nefi_f4_137_b4d84ed3.jpg,0.693633
/ma-me_111/ma-me_f2_16_05eae8b3.jpg,0.693642
/sa_349/sa_f5_306_1c564304.jpg,0.693655
/ne-ne_86/ne-ne_f2_27_9c468f88.jpg,0.693667
/er-mu_236/er-mu_f0_15_a3f39a4d.jpg,0.693673
/sq-ce-ca_581/sq-ce-ca_f6_78_9fe7369e.jpg,0.693685
/er-mu_236/er-mu_f1_182_91255d29.jpg,0.693705
/ap-cu_72/ap-cu_f1_23_78b3055e.jpg,0.693708
/al-co-de_430/al-co-de_f2_303_8f98f135.jpg,0.693718
/st_67/st_f5_65_eb9acf3e.jpg,0.69372
/pi_53/pi_f1_16_be5143c1.jpg,0.69374
/co-ne_68/co-ne_f4_24_33b733f4.jpg,0.693747
/da-di_153/da-di_f5_108_66d2e394.jpg,0.693764
/ps_653/ps_f3_522_2409cc2b.jpg,0.693789
/in-pi_102/in-pi_f2_40_5525bc79.jpg,0.693795
/sa_349/sa_f5_67_4a27b1c7.jpg,0.693798
/py-gr_113/py-gr_f1_68_784b540a.jpg,0.693801
/be-di_63/be-di_f5_18_9b0bf2b3.jpg,0.693802
/pi_53/pi_f1_3_4c59359a.jpg,0.693861
/su-da-sk_66/su-da-sk_f0_34_c19292dd.jpg,0.693879
/ec_204/ec_f2_47_64c52788.jpg,0.693884
/co-ne_68/co-ne_f2_62_6b47a0d5.jpg,0.693887
/po-mi_78/po-mi_f2_65_ce4c8e9d.jpg,0.693919
/ne-se-ja_95/ne-se-ja_f0_72_0e9e7c2d.jpg,0.693921
/ac-ni_92/ac-ni_f5_21_551e76d8.jpg,0.693923
/sq-ce-ca_581/sq-ce-ca_f2_27_ebcb5f8f.jpg,0.693938
/ju-xa_149/ju-xa_f1_92_34067654.jpg,0.693939
/st-jo-sy_113/st-jo-sy_f2_29_3c75b28c.jpg,0.693989
/be-ne_63/be-ne_f2_44_bbedf554.jpg,0.694008
/ph_348/ph_f3_227_426f046b.jpg,0.694015
/ne-ex_73/ne-ex_f3_5_bac823e1.jpg,0.694017
/na-co_73/na-co_f5_31_1b3454c8.jpg,0.694021
/fo-sp_100/fo-sp_f4_72_1a7cb4d9.jpg,0.694029
/ke_156/ke_f4_33_802ac117.jpg,0.694039
/me_261/me_f3_27_64c07aac.jpg,0.694075
/ti-bi_73/ti-bi_f2_24_3695a9d3.jpg,0.69408
/st_67/st_f2_58_0738deac.jpg,0.694085
/vi_166/vi_f3_75_0bf4314d.jpg,0.694108
/le-ma_83/le-ma_f3_28_1ea327d0.jpg,0.694117
/ca-cu_80/ca-cu_f5_23_95187862.jpg,0.694145
/sa_349/sa_f4_41_128748a0.jpg,0.694178
/al-co-de_430/al-co-de_f4_279_c9ed4397.jpg,0.694208
/dr-er_200/dr-er_f2_88_bb9e5cdf.jpg,0.694228
/da-di_153/da-di_f4_137_4c42677b.jpg,0.694233
/ke-pi_78/ke-pi_f2_5_a4401773.jpg,0.69426
/ep-bu_70/ep-bu_f4_5_490db0e5.jpg,0.694267
/da-di_153/da-di_f6_89_afd7b5c0.jpg,0.694297
/hi_90/hi_f2_57_cc7e1787.jpg,0.6943
/ph_348/ph_f2_180_68d7527c.jpg,0.694316
/sa_349/sa_f6_310_4e39e685.jpg,0.694325
/scde_309/scde_f6_293_6f4a55de.jpg,0.694328
/scde_309/scde_f3_175_6296aa17.jpg,0.694352
/scde_309/scde_f2_174_6b504875.jpg,0.694353
/ka-sa_156/ka-sa_f3_43_38b64999.jpg,0.694368
/su-da-sk_66/su-da-sk_f0_37_9eefaba9.jpg,0.694376
/scde_309/scde_f2_209_982d9985.jpg,0.69438
/li-pl_491/li-pl_f4_458_c7b66155.jpg,0.694386
/vi_166/vi_f3_37_a97f8326.jpg,0.694387
/ke_156/ke_f2_48_136bbc3a.jpg,0.694392
/ha-ne_82/ha-ne_f4_68_0524c7e1.jpg,0.694398
/me_261/me_f2_14_163d9c55.jpg,0.694405
/st_67/st_f5_19_012faf0c.jpg,0.694422
/mu-cy_79/mu-cy_f2_65_e7c84b7e.jpg,0.694423
/dr-er_200/dr-er_f1_197_c87afc3b.jpg,0.694427
/er-mu_236/er-mu_f2_176_ef4b5a7b.jpg,0.69443
/vi_166/vi_f5_73_1e9609eb.jpg,0.69443
/demy_151/demy_f1_58_0097275d.jpg,0.694432
/ps_653/ps_f1_497_f0b7dce3.jpg,0.69444
/st_67/st_f4_11_bfd80058.jpg,0.694446
/co-ne_68/co-ne_f1_65_fd290d16.jpg,0.694466
/ne-ne_86/ne-ne_f4_33_b71c0b85.jpg,0.694471
/ep-bu_70/ep-bu_f3_18_f7735544.jpg,0.69448
/er-no_81/er-no_f2_61_0966d64a.jpg,0.694482
/co-ne_68/co-ne_f3_30_5444d551.jpg,0.694484
/ps_653/ps_f0_539_af1cd491.jpg,0.694488
/po-mi_78/po-mi_f2_49_91b9b78d.jpg,0.694488
/nefi_189/nefi_f2_77_7f98ecec.jpg,0.694499
/nefi_189/nefi_f2_107_682af4f3.jpg,0.694503
/ha-ne_82/ha-ne_f4_81_3eb460ad.jpg,0.694509
/ur-pi_112/ur-pi_f1_92_f08957fc.jpg,0.694516
/xa_53/xa_f3_50_74ce73d6.jpg,0.694516
/ps_653/ps_f6_86_d05fcb14.jpg,0.694538
/ba-ce-ca_468/ba-ce-ca_f3_3_c3833afb.jpg,0.694546
/me_261/me_f4_55_2d8dd8e2.jpg,0.694546
/ly-di_129/ly-di_f2_79_dd1108d1.jpg,0.694547
/ur-pi_112/ur-pi_f1_88_19826d82.jpg,0.694547